fold,method,test_speaker,condition,target,pearson_r,valid_utterances,alpha,prior_strength
0,torgo_only,FC01,control,li_x,0.16016422233828387,164,1000.0,0.0
0,torgo_only,FC01,control,ul_x,0.11078897005485924,164,1000.0,0.0
0,torgo_only,FC01,control,ll_x,0.3289229076098904,164,1000.0,0.0
0,torgo_only,FC01,control,tt_x,0.29808334204557657,164,1000.0,0.0
0,torgo_only,FC01,control,tb_x,0.29861085958911343,164,1000.0,0.0
0,torgo_only,FC01,control,td_x,0.38184866505870324,164,1000.0,0.0
0,torgo_only,FC01,control,li_vertical,0.4785642941485651,164,1000.0,0.0
0,torgo_only,FC01,control,ul_vertical,0.12122331216694952,164,1000.0,0.0
0,torgo_only,FC01,control,ll_vertical,0.38731230592502214,164,1000.0,0.0
0,torgo_only,FC01,control,tt_vertical,0.47614823906159204,164,1000.0,0.0
0,torgo_only,FC01,control,tb_vertical,0.23835924814009252,164,1000.0,0.0
0,torgo_only,FC01,control,td_vertical,0.11445396630053782,164,1000.0,0.0
0,torgo_only,M01,dysarthric,li_x,0.08789440949948386,89,1000.0,0.0
0,torgo_only,M01,dysarthric,ul_x,-0.0071299743533353626,70,1000.0,0.0
0,torgo_only,M01,dysarthric,ll_x,0.3940509551826467,80,1000.0,0.0
0,torgo_only,M01,dysarthric,tt_x,-0.004666320716440319,81,1000.0,0.0
0,torgo_only,M01,dysarthric,tb_x,0.020050481082020958,58,1000.0,0.0
0,torgo_only,M01,dysarthric,td_x,-0.014157046383107922,78,1000.0,0.0
0,torgo_only,M01,dysarthric,li_vertical,0.3398059287377216,89,1000.0,0.0
0,torgo_only,M01,dysarthric,ul_vertical,-0.06938346105797656,70,1000.0,0.0
0,torgo_only,M01,dysarthric,ll_vertical,0.2920450307641117,80,1000.0,0.0
0,torgo_only,M01,dysarthric,tt_vertical,-0.08056426157350743,81,1000.0,0.0
0,torgo_only,M01,dysarthric,tb_vertical,-0.03659311267148089,58,1000.0,0.0
0,torgo_only,M01,dysarthric,td_vertical,0.032746138220118896,78,1000.0,0.0
0,torgo_only,MC01,control,li_x,0.21097737344180414,496,1000.0,0.0
0,torgo_only,MC01,control,ul_x,0.25551388318272267,496,1000.0,0.0
0,torgo_only,MC01,control,ll_x,0.2534168296446301,488,1000.0,0.0
0,torgo_only,MC01,control,tt_x,0.2294688908648355,472,1000.0,0.0
0,torgo_only,MC01,control,tb_x,0.340164959167203,494,1000.0,0.0
0,torgo_only,MC01,control,td_x,0.31197687698948534,490,1000.0,0.0
0,torgo_only,MC01,control,li_vertical,0.266910514144716,496,1000.0,0.0
0,torgo_only,MC01,control,ul_vertical,0.2044987518418475,496,1000.0,0.0
0,torgo_only,MC01,control,ll_vertical,0.1908460438987437,488,1000.0,0.0
0,torgo_only,MC01,control,tt_vertical,0.2447341526131372,472,1000.0,0.0
0,torgo_only,MC01,control,tb_vertical,0.39809477317725667,494,1000.0,0.0
0,torgo_only,MC01,control,td_vertical,0.35501030162335356,490,1000.0,0.0
0,mocha_prior,FC01,control,li_x,0.16348827758170695,164,1000.0,10000.0
0,mocha_prior,FC01,control,ul_x,0.11492550457042416,164,1000.0,10000.0
0,mocha_prior,FC01,control,ll_x,0.3408657754269098,164,1000.0,10000.0
0,mocha_prior,FC01,control,tt_x,0.3064886945139086,164,1000.0,10000.0
0,mocha_prior,FC01,control,tb_x,0.3097402340179796,164,1000.0,10000.0
0,mocha_prior,FC01,control,td_x,0.3897981089416692,164,1000.0,10000.0
0,mocha_prior,FC01,control,li_vertical,0.4817572385714656,164,1000.0,10000.0
0,mocha_prior,FC01,control,ul_vertical,0.13059300786486897,164,1000.0,10000.0
0,mocha_prior,FC01,control,ll_vertical,0.3891093929959022,164,1000.0,10000.0
0,mocha_prior,FC01,control,tt_vertical,0.4820191648725499,164,1000.0,10000.0
0,mocha_prior,FC01,control,tb_vertical,0.24144348093636175,164,1000.0,10000.0
0,mocha_prior,FC01,control,td_vertical,0.11720782560353236,164,1000.0,10000.0
0,mocha_prior,M01,dysarthric,li_x,0.08776659301282703,89,1000.0,10000.0
0,mocha_prior,M01,dysarthric,ul_x,-0.01289131519408021,70,1000.0,10000.0
0,mocha_prior,M01,dysarthric,ll_x,0.41214346670175905,80,1000.0,10000.0
0,mocha_prior,M01,dysarthric,tt_x,-0.0016630040407318105,81,1000.0,10000.0
0,mocha_prior,M01,dysarthric,tb_x,0.02282778683142592,58,1000.0,10000.0
0,mocha_prior,M01,dysarthric,td_x,-0.0080721595868289,78,1000.0,10000.0
0,mocha_prior,M01,dysarthric,li_vertical,0.34511529282706255,89,1000.0,10000.0
0,mocha_prior,M01,dysarthric,ul_vertical,-0.06822005409219352,70,1000.0,10000.0
0,mocha_prior,M01,dysarthric,ll_vertical,0.2987045733130675,80,1000.0,10000.0
0,mocha_prior,M01,dysarthric,tt_vertical,-0.08799958651010491,81,1000.0,10000.0
0,mocha_prior,M01,dysarthric,tb_vertical,-0.038363515032217285,58,1000.0,10000.0
0,mocha_prior,M01,dysarthric,td_vertical,0.0354160201915719,78,1000.0,10000.0
0,mocha_prior,MC01,control,li_x,0.2067358667399928,496,1000.0,10000.0
0,mocha_prior,MC01,control,ul_x,0.2519115062950434,496,1000.0,10000.0
0,mocha_prior,MC01,control,ll_x,0.23961610670111447,488,1000.0,10000.0
0,mocha_prior,MC01,control,tt_x,0.22769842591923387,472,1000.0,10000.0
0,mocha_prior,MC01,control,tb_x,0.3390012396262578,494,1000.0,10000.0
0,mocha_prior,MC01,control,td_x,0.30796136413920183,490,1000.0,10000.0
0,mocha_prior,MC01,control,li_vertical,0.26956861664638204,496,1000.0,10000.0
0,mocha_prior,MC01,control,ul_vertical,0.2076490479134663,496,1000.0,10000.0
0,mocha_prior,MC01,control,ll_vertical,0.194172749206136,488,1000.0,10000.0
0,mocha_prior,MC01,control,tt_vertical,0.2462743793330719,472,1000.0,10000.0
0,mocha_prior,MC01,control,tb_vertical,0.391495426523241,494,1000.0,10000.0
0,mocha_prior,MC01,control,td_vertical,0.34833020473988213,490,1000.0,10000.0
1,torgo_only,F03,dysarthric,li_x,-0.013824569596125769,371,1000.0,0.0
1,torgo_only,F03,dysarthric,ul_x,0.06442958115822041,370,1000.0,0.0
1,torgo_only,F03,dysarthric,ll_x,0.052927339285755375,343,1000.0,0.0
1,torgo_only,F03,dysarthric,tt_x,0.38169416814457774,361,1000.0,0.0
1,torgo_only,F03,dysarthric,tb_x,0.31994690756273697,368,1000.0,0.0
1,torgo_only,F03,dysarthric,td_x,0.35094013788873524,371,1000.0,0.0
1,torgo_only,F03,dysarthric,li_vertical,0.2600157839979728,371,1000.0,0.0
1,torgo_only,F03,dysarthric,ul_vertical,0.1376415052238921,370,1000.0,0.0
1,torgo_only,F03,dysarthric,ll_vertical,0.14206154599488616,343,1000.0,0.0
1,torgo_only,F03,dysarthric,tt_vertical,0.19602250677110203,361,1000.0,0.0
1,torgo_only,F03,dysarthric,tb_vertical,0.38472425941318567,368,1000.0,0.0
1,torgo_only,F03,dysarthric,td_vertical,0.3838490929970111,371,1000.0,0.0
1,torgo_only,FC02,control,li_x,0.3420646915181204,999,1000.0,0.0
1,torgo_only,FC02,control,ul_x,0.10564056537993581,999,1000.0,0.0
1,torgo_only,FC02,control,ll_x,0.2593488378571255,999,1000.0,0.0
1,torgo_only,FC02,control,tt_x,0.4283224342273479,920,1000.0,0.0
1,torgo_only,FC02,control,tb_x,0.4191233150547051,945,1000.0,0.0
1,torgo_only,FC02,control,td_x,0.3726975162363556,977,1000.0,0.0
1,torgo_only,FC02,control,li_vertical,0.44798012947207866,999,1000.0,0.0
1,torgo_only,FC02,control,ul_vertical,0.031568905826004,999,1000.0,0.0
1,torgo_only,FC02,control,ll_vertical,0.39099709001495825,999,1000.0,0.0
1,torgo_only,FC02,control,tt_vertical,0.28306626791419925,920,1000.0,0.0
1,torgo_only,FC02,control,tb_vertical,0.43610632776313807,945,1000.0,0.0
1,torgo_only,FC02,control,td_vertical,0.3431872243140767,977,1000.0,0.0
1,torgo_only,M02,dysarthric,li_x,0.028816321909433694,88,1000.0,0.0
1,torgo_only,M02,dysarthric,ul_x,0.15141844600075743,97,1000.0,0.0
1,torgo_only,M02,dysarthric,ll_x,0.19044494961468286,84,1000.0,0.0
1,torgo_only,M02,dysarthric,tt_x,0.17944567863367866,91,1000.0,0.0
1,torgo_only,M02,dysarthric,tb_x,0.03081693852041092,95,1000.0,0.0
1,torgo_only,M02,dysarthric,td_x,nan,0,1000.0,0.0
1,torgo_only,M02,dysarthric,li_vertical,0.1723193346747828,88,1000.0,0.0
1,torgo_only,M02,dysarthric,ul_vertical,-0.03602114915436194,97,1000.0,0.0
1,torgo_only,M02,dysarthric,ll_vertical,0.23229740217282357,84,1000.0,0.0
1,torgo_only,M02,dysarthric,tt_vertical,0.3088623510803494,91,1000.0,0.0
1,torgo_only,M02,dysarthric,tb_vertical,0.1148555760755866,95,1000.0,0.0
1,torgo_only,M02,dysarthric,td_vertical,nan,0,1000.0,0.0
1,torgo_only,MC02,control,li_x,0.013302672680011115,462,1000.0,0.0
1,torgo_only,MC02,control,ul_x,0.2553372143239676,462,1000.0,0.0
1,torgo_only,MC02,control,ll_x,0.19965897102438357,462,1000.0,0.0
1,torgo_only,MC02,control,tt_x,0.3859409908829464,459,1000.0,0.0
1,torgo_only,MC02,control,tb_x,0.33792136885555446,449,1000.0,0.0
1,torgo_only,MC02,control,td_x,0.3228627616849126,457,1000.0,0.0
1,torgo_only,MC02,control,li_vertical,0.4491206972686744,462,1000.0,0.0
1,torgo_only,MC02,control,ul_vertical,0.30434753935109515,462,1000.0,0.0
1,torgo_only,MC02,control,ll_vertical,0.46368386589967453,462,1000.0,0.0
1,torgo_only,MC02,control,tt_vertical,0.39868368306410634,459,1000.0,0.0
1,torgo_only,MC02,control,tb_vertical,0.3732294942228355,449,1000.0,0.0
1,torgo_only,MC02,control,td_vertical,0.28039867371890265,457,1000.0,0.0
1,mocha_prior,F03,dysarthric,li_x,-0.011726211528216315,371,1000.0,10000.0
1,mocha_prior,F03,dysarthric,ul_x,0.06615996413791268,370,1000.0,10000.0
1,mocha_prior,F03,dysarthric,ll_x,0.052944965163331095,343,1000.0,10000.0
1,mocha_prior,F03,dysarthric,tt_x,0.3916667635852126,361,1000.0,10000.0
1,mocha_prior,F03,dysarthric,tb_x,0.32496658005412715,368,1000.0,10000.0
1,mocha_prior,F03,dysarthric,td_x,0.35968857345907274,371,1000.0,10000.0
1,mocha_prior,F03,dysarthric,li_vertical,0.2628583939204881,371,1000.0,10000.0
1,mocha_prior,F03,dysarthric,ul_vertical,0.13844077213051387,370,1000.0,10000.0
1,mocha_prior,F03,dysarthric,ll_vertical,0.14348975706998987,343,1000.0,10000.0
1,mocha_prior,F03,dysarthric,tt_vertical,0.1995814574178075,361,1000.0,10000.0
1,mocha_prior,F03,dysarthric,tb_vertical,0.38785105374785506,368,1000.0,10000.0
1,mocha_prior,F03,dysarthric,td_vertical,0.38950429384287993,371,1000.0,10000.0
1,mocha_prior,FC02,control,li_x,0.3481219408282343,999,1000.0,10000.0
1,mocha_prior,FC02,control,ul_x,0.10824120069434622,999,1000.0,10000.0
1,mocha_prior,FC02,control,ll_x,0.2598653548526446,999,1000.0,10000.0
1,mocha_prior,FC02,control,tt_x,0.4321657807091608,920,1000.0,10000.0
1,mocha_prior,FC02,control,tb_x,0.4224730859997446,945,1000.0,10000.0
1,mocha_prior,FC02,control,td_x,0.3765659473178242,977,1000.0,10000.0
1,mocha_prior,FC02,control,li_vertical,0.44908995107790556,999,1000.0,10000.0
1,mocha_prior,FC02,control,ul_vertical,0.03746612743529431,999,1000.0,10000.0
1,mocha_prior,FC02,control,ll_vertical,0.3913439442729063,999,1000.0,10000.0
1,mocha_prior,FC02,control,tt_vertical,0.28249967732526504,920,1000.0,10000.0
1,mocha_prior,FC02,control,tb_vertical,0.4470526382835358,945,1000.0,10000.0
1,mocha_prior,FC02,control,td_vertical,0.3531984598472283,977,1000.0,10000.0
1,mocha_prior,M02,dysarthric,li_x,0.012036107660989254,88,1000.0,10000.0
1,mocha_prior,M02,dysarthric,ul_x,0.1486703527035798,97,1000.0,10000.0
1,mocha_prior,M02,dysarthric,ll_x,0.18865936073433348,84,1000.0,10000.0
1,mocha_prior,M02,dysarthric,tt_x,0.18635954812173583,91,1000.0,10000.0
1,mocha_prior,M02,dysarthric,tb_x,0.03364822253298512,95,1000.0,10000.0
1,mocha_prior,M02,dysarthric,td_x,nan,0,1000.0,10000.0
1,mocha_prior,M02,dysarthric,li_vertical,0.17822442308672662,88,1000.0,10000.0
1,mocha_prior,M02,dysarthric,ul_vertical,-0.03846591534740803,97,1000.0,10000.0
1,mocha_prior,M02,dysarthric,ll_vertical,0.24299221196595797,84,1000.0,10000.0
1,mocha_prior,M02,dysarthric,tt_vertical,0.3143156772541226,91,1000.0,10000.0
1,mocha_prior,M02,dysarthric,tb_vertical,0.113851141176466,95,1000.0,10000.0
1,mocha_prior,M02,dysarthric,td_vertical,nan,0,1000.0,10000.0
1,mocha_prior,MC02,control,li_x,0.01192559346713482,462,1000.0,10000.0
1,mocha_prior,MC02,control,ul_x,0.24728308391465917,462,1000.0,10000.0
1,mocha_prior,MC02,control,ll_x,0.19754624332990156,462,1000.0,10000.0
1,mocha_prior,MC02,control,tt_x,0.37154953686925735,459,1000.0,10000.0
1,mocha_prior,MC02,control,tb_x,0.33101418371423963,449,1000.0,10000.0
1,mocha_prior,MC02,control,td_x,0.3194234913971189,457,1000.0,10000.0
1,mocha_prior,MC02,control,li_vertical,0.4479934307121995,462,1000.0,10000.0
1,mocha_prior,MC02,control,ul_vertical,0.29932908603997826,462,1000.0,10000.0
1,mocha_prior,MC02,control,ll_vertical,0.45957737643550345,462,1000.0,10000.0
1,mocha_prior,MC02,control,tt_vertical,0.4130491299190874,459,1000.0,10000.0
1,mocha_prior,MC02,control,tb_vertical,0.3811346233312749,449,1000.0,10000.0
1,mocha_prior,MC02,control,td_vertical,0.290448954893252,457,1000.0,10000.0
2,torgo_only,M03,dysarthric,li_x,0.1600069107559782,420,1000.0,0.0
2,torgo_only,M03,dysarthric,ul_x,0.21564006895173746,421,1000.0,0.0
2,torgo_only,M03,dysarthric,ll_x,0.4400828558713574,419,1000.0,0.0
2,torgo_only,M03,dysarthric,tt_x,0.4718060245412661,420,1000.0,0.0
2,torgo_only,M03,dysarthric,tb_x,0.36436435040169857,421,1000.0,0.0
2,torgo_only,M03,dysarthric,td_x,0.4438191198740917,418,1000.0,0.0
2,torgo_only,M03,dysarthric,li_vertical,0.478232976802676,420,1000.0,0.0
2,torgo_only,M03,dysarthric,ul_vertical,0.34493758099652555,421,1000.0,0.0
2,torgo_only,M03,dysarthric,ll_vertical,0.46978023044647443,419,1000.0,0.0
2,torgo_only,M03,dysarthric,tt_vertical,0.43691922731558963,420,1000.0,0.0
2,torgo_only,M03,dysarthric,tb_vertical,0.502251079944691,421,1000.0,0.0
2,torgo_only,M03,dysarthric,td_vertical,0.431700291288517,418,1000.0,0.0
2,torgo_only,F04,dysarthric,li_x,-0.05158834442911285,250,1000.0,0.0
2,torgo_only,F04,dysarthric,ul_x,0.2083907102688749,247,1000.0,0.0
2,torgo_only,F04,dysarthric,ll_x,-0.19537109022976173,244,1000.0,0.0
2,torgo_only,F04,dysarthric,tt_x,0.42343664426310756,238,1000.0,0.0
2,torgo_only,F04,dysarthric,tb_x,0.37002970362811105,231,1000.0,0.0
2,torgo_only,F04,dysarthric,td_x,0.30364559397978574,239,1000.0,0.0
2,torgo_only,F04,dysarthric,li_vertical,0.44761974490802064,250,1000.0,0.0
2,torgo_only,F04,dysarthric,ul_vertical,0.14812575703205305,247,1000.0,0.0
2,torgo_only,F04,dysarthric,ll_vertical,0.43474171739001416,244,1000.0,0.0
2,torgo_only,F04,dysarthric,tt_vertical,0.3706051059973859,238,1000.0,0.0
2,torgo_only,F04,dysarthric,tb_vertical,0.35005286045678435,231,1000.0,0.0
2,torgo_only,F04,dysarthric,td_vertical,0.36997715382143664,239,1000.0,0.0
2,torgo_only,FC03,control,li_x,0.2843818490309672,795,1000.0,0.0
2,torgo_only,FC03,control,ul_x,0.11893265838278347,794,1000.0,0.0
2,torgo_only,FC03,control,ll_x,0.2762379655082751,794,1000.0,0.0
2,torgo_only,FC03,control,tt_x,0.42684665679216693,786,1000.0,0.0
2,torgo_only,FC03,control,tb_x,0.3973529651799659,794,1000.0,0.0
2,torgo_only,FC03,control,td_x,0.4631798865825004,782,1000.0,0.0
2,torgo_only,FC03,control,li_vertical,0.3094212159198715,795,1000.0,0.0
2,torgo_only,FC03,control,ul_vertical,0.02057971350498949,794,1000.0,0.0
2,torgo_only,FC03,control,ll_vertical,0.34713658651533186,794,1000.0,0.0
2,torgo_only,FC03,control,tt_vertical,0.34000707626200133,786,1000.0,0.0
2,torgo_only,FC03,control,tb_vertical,0.30829602289780034,794,1000.0,0.0
2,torgo_only,FC03,control,td_vertical,0.2097894207565943,782,1000.0,0.0
2,torgo_only,MC03,control,li_x,-0.054955023322788295,600,1000.0,0.0
2,torgo_only,MC03,control,ul_x,0.19097982421418305,600,1000.0,0.0
2,torgo_only,MC03,control,ll_x,0.36796884377270306,600,1000.0,0.0
2,torgo_only,MC03,control,tt_x,0.30893177292011775,600,1000.0,0.0
2,torgo_only,MC03,control,tb_x,0.45671168021733377,600,1000.0,0.0
2,torgo_only,MC03,control,td_x,0.4369735835382146,600,1000.0,0.0
2,torgo_only,MC03,control,li_vertical,0.35835190623917723,600,1000.0,0.0
2,torgo_only,MC03,control,ul_vertical,0.09137280610715395,600,1000.0,0.0
2,torgo_only,MC03,control,ll_vertical,0.44303060268358974,600,1000.0,0.0
2,torgo_only,MC03,control,tt_vertical,0.2974681310463351,600,1000.0,0.0
2,torgo_only,MC03,control,tb_vertical,0.41553193232932034,600,1000.0,0.0
2,torgo_only,MC03,control,td_vertical,0.3171465552253814,600,1000.0,0.0
2,mocha_prior,M03,dysarthric,li_x,0.15957524003390094,420,1000.0,10000.0
2,mocha_prior,M03,dysarthric,ul_x,0.2046898296746543,421,1000.0,10000.0
2,mocha_prior,M03,dysarthric,ll_x,0.43171440441885467,419,1000.0,10000.0
2,mocha_prior,M03,dysarthric,tt_x,0.47812624609220417,420,1000.0,10000.0
2,mocha_prior,M03,dysarthric,tb_x,0.3719701077443843,421,1000.0,10000.0
2,mocha_prior,M03,dysarthric,td_x,0.4436354960598653,418,1000.0,10000.0
2,mocha_prior,M03,dysarthric,li_vertical,0.4852399200622391,420,1000.0,10000.0
2,mocha_prior,M03,dysarthric,ul_vertical,0.3413604721022161,421,1000.0,10000.0
2,mocha_prior,M03,dysarthric,ll_vertical,0.47728342524140616,419,1000.0,10000.0
2,mocha_prior,M03,dysarthric,tt_vertical,0.4425090338296245,420,1000.0,10000.0
2,mocha_prior,M03,dysarthric,tb_vertical,0.50874761019837,421,1000.0,10000.0
2,mocha_prior,M03,dysarthric,td_vertical,0.4355138222131278,418,1000.0,10000.0
2,mocha_prior,F04,dysarthric,li_x,-0.0710786782817366,250,1000.0,10000.0
2,mocha_prior,F04,dysarthric,ul_x,0.201443932518437,247,1000.0,10000.0
2,mocha_prior,F04,dysarthric,ll_x,-0.2070027745424942,244,1000.0,10000.0
2,mocha_prior,F04,dysarthric,tt_x,0.4280258314552991,238,1000.0,10000.0
2,mocha_prior,F04,dysarthric,tb_x,0.3736396849832337,231,1000.0,10000.0
2,mocha_prior,F04,dysarthric,td_x,0.30266530400905134,239,1000.0,10000.0
2,mocha_prior,F04,dysarthric,li_vertical,0.44944922201113297,250,1000.0,10000.0
2,mocha_prior,F04,dysarthric,ul_vertical,0.15061963938723946,247,1000.0,10000.0
2,mocha_prior,F04,dysarthric,ll_vertical,0.4371851869208077,244,1000.0,10000.0
2,mocha_prior,F04,dysarthric,tt_vertical,0.3649211006360212,238,1000.0,10000.0
2,mocha_prior,F04,dysarthric,tb_vertical,0.3552007477536106,231,1000.0,10000.0
2,mocha_prior,F04,dysarthric,td_vertical,0.37300645957330103,239,1000.0,10000.0
2,mocha_prior,FC03,control,li_x,0.28558047985613144,795,1000.0,10000.0
2,mocha_prior,FC03,control,ul_x,0.10669499985154278,794,1000.0,10000.0
2,mocha_prior,FC03,control,ll_x,0.2714067764128349,794,1000.0,10000.0
2,mocha_prior,FC03,control,tt_x,0.425369765152984,786,1000.0,10000.0
2,mocha_prior,FC03,control,tb_x,0.399290165812234,794,1000.0,10000.0
2,mocha_prior,FC03,control,td_x,0.4598969584674857,782,1000.0,10000.0
2,mocha_prior,FC03,control,li_vertical,0.31305024719438573,795,1000.0,10000.0
2,mocha_prior,FC03,control,ul_vertical,0.012623430742917429,794,1000.0,10000.0
2,mocha_prior,FC03,control,ll_vertical,0.35164759545196633,794,1000.0,10000.0
2,mocha_prior,FC03,control,tt_vertical,0.3351557099403584,786,1000.0,10000.0
2,mocha_prior,FC03,control,tb_vertical,0.3071615752586083,794,1000.0,10000.0
2,mocha_prior,FC03,control,td_vertical,0.20028232984626765,782,1000.0,10000.0
2,mocha_prior,MC03,control,li_x,-0.06474107883971253,600,1000.0,10000.0
2,mocha_prior,MC03,control,ul_x,0.2001600034483816,600,1000.0,10000.0
2,mocha_prior,MC03,control,ll_x,0.36324139888759466,600,1000.0,10000.0
2,mocha_prior,MC03,control,tt_x,0.3111698482901443,600,1000.0,10000.0
2,mocha_prior,MC03,control,tb_x,0.4589600277732151,600,1000.0,10000.0
2,mocha_prior,MC03,control,td_x,0.43732460897012515,600,1000.0,10000.0
2,mocha_prior,MC03,control,li_vertical,0.3554705220034579,600,1000.0,10000.0
2,mocha_prior,MC03,control,ul_vertical,0.10051092838482442,600,1000.0,10000.0
2,mocha_prior,MC03,control,ll_vertical,0.4294416570591986,600,1000.0,10000.0
2,mocha_prior,MC03,control,tt_vertical,0.29493064692947285,600,1000.0,10000.0
2,mocha_prior,MC03,control,tb_vertical,0.4123039893997619,600,1000.0,10000.0
2,mocha_prior,MC03,control,td_vertical,0.30290793265427063,600,1000.0,10000.0
3,torgo_only,M05,dysarthric,li_x,0.1456525797033985,442,1000.0,0.0
3,torgo_only,M05,dysarthric,ul_x,0.1112528981421121,438,1000.0,0.0
3,torgo_only,M05,dysarthric,ll_x,0.16121515546575618,454,1000.0,0.0
3,torgo_only,M05,dysarthric,tt_x,nan,0,1000.0,0.0
3,torgo_only,M05,dysarthric,tb_x,0.3282904041133476,332,1000.0,0.0
3,torgo_only,M05,dysarthric,td_x,nan,0,1000.0,0.0
3,torgo_only,M05,dysarthric,li_vertical,0.2875428427909843,442,1000.0,0.0
3,torgo_only,M05,dysarthric,ul_vertical,0.09204765211032495,438,1000.0,0.0
3,torgo_only,M05,dysarthric,ll_vertical,0.1772426919413895,454,1000.0,0.0
3,torgo_only,M05,dysarthric,tt_vertical,nan,0,1000.0,0.0
3,torgo_only,M05,dysarthric,tb_vertical,0.21442161044268723,332,1000.0,0.0
3,torgo_only,M05,dysarthric,td_vertical,nan,0,1000.0,0.0
3,torgo_only,M04,dysarthric,li_x,nan,0,1000.0,0.0
3,torgo_only,M04,dysarthric,ul_x,0.06028668532096581,259,1000.0,0.0
3,torgo_only,M04,dysarthric,ll_x,0.07622541121450693,263,1000.0,0.0
3,torgo_only,M04,dysarthric,tt_x,nan,0,1000.0,0.0
3,torgo_only,M04,dysarthric,tb_x,nan,0,1000.0,0.0
3,torgo_only,M04,dysarthric,td_x,nan,0,1000.0,0.0
3,torgo_only,M04,dysarthric,li_vertical,nan,0,1000.0,0.0
3,torgo_only,M04,dysarthric,ul_vertical,0.02416678417556785,259,1000.0,0.0
3,torgo_only,M04,dysarthric,ll_vertical,0.23487067390171149,263,1000.0,0.0
3,torgo_only,M04,dysarthric,tt_vertical,nan,0,1000.0,0.0
3,torgo_only,M04,dysarthric,tb_vertical,nan,0,1000.0,0.0
3,torgo_only,M04,dysarthric,td_vertical,nan,0,1000.0,0.0
3,torgo_only,MC04,control,li_x,0.24667896662022337,654,1000.0,0.0
3,torgo_only,MC04,control,ul_x,0.36982344555260005,654,1000.0,0.0
3,torgo_only,MC04,control,ll_x,0.3164302949129792,654,1000.0,0.0
3,torgo_only,MC04,control,tt_x,0.5071673189323748,654,1000.0,0.0
3,torgo_only,MC04,control,tb_x,0.5272373653102786,645,1000.0,0.0
3,torgo_only,MC04,control,td_x,0.5372296263790204,645,1000.0,0.0
3,torgo_only,MC04,control,li_vertical,0.6626438803999446,654,1000.0,0.0
3,torgo_only,MC04,control,ul_vertical,0.2841742869149371,654,1000.0,0.0
3,torgo_only,MC04,control,ll_vertical,0.6319802512784325,654,1000.0,0.0
3,torgo_only,MC04,control,tt_vertical,0.4903670296423158,654,1000.0,0.0
3,torgo_only,MC04,control,tb_vertical,0.541223866992472,645,1000.0,0.0
3,torgo_only,MC04,control,td_vertical,0.432591521112952,645,1000.0,0.0
3,mocha_prior,M05,dysarthric,li_x,0.13815118877677893,442,1000.0,10000.0
3,mocha_prior,M05,dysarthric,ul_x,0.11344774926560686,438,1000.0,10000.0
3,mocha_prior,M05,dysarthric,ll_x,0.1578003846721144,454,1000.0,10000.0
3,mocha_prior,M05,dysarthric,tt_x,nan,0,1000.0,10000.0
3,mocha_prior,M05,dysarthric,tb_x,0.3341167860625286,332,1000.0,10000.0
3,mocha_prior,M05,dysarthric,td_x,nan,0,1000.0,10000.0
3,mocha_prior,M05,dysarthric,li_vertical,0.288607687878466,442,1000.0,10000.0
3,mocha_prior,M05,dysarthric,ul_vertical,0.09193243043882737,438,1000.0,10000.0
3,mocha_prior,M05,dysarthric,ll_vertical,0.17955773739336298,454,1000.0,10000.0
3,mocha_prior,M05,dysarthric,tt_vertical,nan,0,1000.0,10000.0
3,mocha_prior,M05,dysarthric,tb_vertical,0.2151542494075532,332,1000.0,10000.0
3,mocha_prior,M05,dysarthric,td_vertical,nan,0,1000.0,10000.0
3,mocha_prior,M04,dysarthric,li_x,nan,0,1000.0,10000.0
3,mocha_prior,M04,dysarthric,ul_x,0.05894445752341776,259,1000.0,10000.0
3,mocha_prior,M04,dysarthric,ll_x,0.07241779863271372,263,1000.0,10000.0
3,mocha_prior,M04,dysarthric,tt_x,nan,0,1000.0,10000.0
3,mocha_prior,M04,dysarthric,tb_x,nan,0,1000.0,10000.0
3,mocha_prior,M04,dysarthric,td_x,nan,0,1000.0,10000.0
3,mocha_prior,M04,dysarthric,li_vertical,nan,0,1000.0,10000.0
3,mocha_prior,M04,dysarthric,ul_vertical,0.03123838761737859,259,1000.0,10000.0
3,mocha_prior,M04,dysarthric,ll_vertical,0.2354009571799075,263,1000.0,10000.0
3,mocha_prior,M04,dysarthric,tt_vertical,nan,0,1000.0,10000.0
3,mocha_prior,M04,dysarthric,tb_vertical,nan,0,1000.0,10000.0
3,mocha_prior,M04,dysarthric,td_vertical,nan,0,1000.0,10000.0
3,mocha_prior,MC04,control,li_x,0.24746187212833162,654,1000.0,10000.0
3,mocha_prior,MC04,control,ul_x,0.3965641180637948,654,1000.0,10000.0
3,mocha_prior,MC04,control,ll_x,0.3186913232592527,654,1000.0,10000.0
3,mocha_prior,MC04,control,tt_x,0.5106908055402468,654,1000.0,10000.0
3,mocha_prior,MC04,control,tb_x,0.5273293214464803,645,1000.0,10000.0
3,mocha_prior,MC04,control,td_x,0.5381978001764572,645,1000.0,10000.0
3,mocha_prior,MC04,control,li_vertical,0.666815372926196,654,1000.0,10000.0
3,mocha_prior,MC04,control,ul_vertical,0.2823070260899781,654,1000.0,10000.0
3,mocha_prior,MC04,control,ll_vertical,0.6381912078676801,654,1000.0,10000.0
3,mocha_prior,MC04,control,tt_vertical,0.49667361573857843,654,1000.0,10000.0
3,mocha_prior,MC04,control,tb_vertical,0.5504961364019285,645,1000.0,10000.0
3,mocha_prior,MC04,control,td_vertical,0.4418689588719386,645,1000.0,10000.0
