speaker,utterance_id,role
fsew0,001,train
fsew0,002,train
fsew0,003,train
fsew0,004,train
fsew0,005,train
fsew0,006,train
fsew0,007,train
fsew0,008,train
fsew0,009,validation
fsew0,010,train
fsew0,011,train
fsew0,012,test
fsew0,013,test
fsew0,014,train
fsew0,015,train
fsew0,016,train
fsew0,017,train
fsew0,018,validation
fsew0,019,train
fsew0,020,train
fsew0,021,train
fsew0,022,test
fsew0,023,train
fsew0,024,validation
fsew0,025,train
fsew0,026,train
fsew0,027,train
fsew0,028,train
fsew0,029,train
fsew0,030,train
fsew0,031,train
fsew0,032,train
fsew0,033,train
fsew0,034,train
fsew0,035,train
fsew0,036,train
fsew0,037,train
fsew0,038,train
fsew0,039,train
fsew0,040,train
fsew0,041,train
fsew0,042,train
fsew0,043,train
fsew0,044,train
fsew0,045,test
fsew0,046,train
fsew0,047,train
fsew0,048,train
fsew0,049,train
fsew0,050,train
fsew0,051,train
fsew0,052,test
fsew0,053,train
fsew0,054,train
fsew0,055,train
fsew0,056,test
fsew0,057,train
fsew0,058,train
fsew0,059,train
fsew0,060,train
fsew0,061,train
fsew0,062,train
fsew0,063,train
fsew0,064,train
fsew0,065,train
fsew0,066,train
fsew0,067,train
fsew0,068,test
fsew0,069,train
fsew0,070,train
fsew0,071,train
fsew0,072,train
fsew0,073,train
fsew0,074,train
fsew0,075,train
fsew0,076,train
fsew0,077,train
fsew0,078,validation
fsew0,079,train
fsew0,080,train
fsew0,081,train
fsew0,082,train
fsew0,083,train
fsew0,084,train
fsew0,085,train
fsew0,086,train
fsew0,087,validation
fsew0,088,train
fsew0,089,train
fsew0,090,train
fsew0,091,train
fsew0,092,train
fsew0,093,train
fsew0,094,train
fsew0,095,train
fsew0,096,train
fsew0,097,train
fsew0,098,train
fsew0,099,train
fsew0,100,train
fsew0,101,train
fsew0,102,train
fsew0,103,train
fsew0,104,test
fsew0,105,train
fsew0,106,train
fsew0,107,train
fsew0,108,train
fsew0,109,validation
fsew0,110,train
fsew0,111,train
fsew0,112,train
fsew0,113,train
fsew0,114,train
fsew0,115,train
fsew0,116,train
fsew0,117,train
fsew0,118,train
fsew0,119,train
fsew0,120,train
fsew0,121,train
fsew0,122,train
fsew0,123,train
fsew0,124,train
fsew0,125,train
fsew0,126,train
fsew0,127,test
fsew0,128,test
fsew0,129,train
fsew0,130,train
fsew0,131,train
fsew0,132,train
fsew0,133,train
fsew0,134,train
fsew0,135,train
fsew0,136,train
fsew0,137,train
fsew0,138,train
fsew0,139,train
fsew0,140,train
fsew0,141,validation
fsew0,142,train
fsew0,143,validation
fsew0,144,train
fsew0,145,train
fsew0,146,train
fsew0,147,train
fsew0,148,train
fsew0,149,train
fsew0,150,train
fsew0,151,train
fsew0,152,train
fsew0,153,train
fsew0,154,train
fsew0,155,train
fsew0,156,train
fsew0,157,train
fsew0,158,validation
fsew0,159,train
fsew0,160,train
fsew0,161,train
fsew0,162,train
fsew0,163,train
fsew0,164,train
fsew0,165,train
fsew0,166,train
fsew0,167,train
fsew0,168,train
fsew0,169,validation
fsew0,170,train
fsew0,171,train
fsew0,172,train
fsew0,173,validation
fsew0,174,train
fsew0,175,train
fsew0,176,train
fsew0,177,train
fsew0,178,train
fsew0,179,train
fsew0,180,validation
fsew0,181,train
fsew0,182,train
fsew0,183,train
fsew0,184,train
fsew0,185,train
fsew0,186,train
fsew0,187,train
fsew0,188,train
fsew0,189,train
fsew0,190,validation
fsew0,191,train
fsew0,192,train
fsew0,193,train
fsew0,194,train
fsew0,195,train
fsew0,196,train
fsew0,197,train
fsew0,198,train
fsew0,199,train
fsew0,200,train
fsew0,201,train
fsew0,202,train
fsew0,203,train
fsew0,204,validation
fsew0,205,test
fsew0,206,train
fsew0,207,train
fsew0,208,train
fsew0,209,train
fsew0,210,train
fsew0,211,train
fsew0,212,train
fsew0,213,train
fsew0,214,train
fsew0,215,train
fsew0,216,train
fsew0,217,train
fsew0,218,train
fsew0,219,validation
fsew0,220,validation
fsew0,221,train
fsew0,222,train
fsew0,223,train
fsew0,224,train
fsew0,225,validation
fsew0,226,train
fsew0,227,train
fsew0,228,train
fsew0,229,validation
fsew0,230,train
fsew0,231,test
fsew0,232,train
fsew0,233,train
fsew0,234,train
fsew0,235,train
fsew0,236,train
fsew0,237,validation
fsew0,238,train
fsew0,239,train
fsew0,240,train
fsew0,241,test
fsew0,242,train
fsew0,243,test
fsew0,244,train
fsew0,245,train
fsew0,246,train
fsew0,247,train
fsew0,248,train
fsew0,249,train
fsew0,250,train
fsew0,251,train
fsew0,252,train
fsew0,253,validation
fsew0,254,train
fsew0,255,train
fsew0,256,train
fsew0,257,train
fsew0,258,train
fsew0,259,test
fsew0,260,test
fsew0,261,train
fsew0,262,train
fsew0,263,train
fsew0,264,train
fsew0,265,train
fsew0,266,train
fsew0,267,train
fsew0,268,train
fsew0,269,test
fsew0,270,test
fsew0,271,train
fsew0,272,train
fsew0,273,train
fsew0,274,train
fsew0,275,train
fsew0,276,train
fsew0,277,train
fsew0,278,train
fsew0,279,train
fsew0,280,train
fsew0,281,train
fsew0,282,train
fsew0,283,train
fsew0,284,train
fsew0,285,train
fsew0,286,train
fsew0,287,train
fsew0,288,train
fsew0,289,train
fsew0,290,train
fsew0,291,train
fsew0,292,train
fsew0,293,validation
fsew0,294,train
fsew0,295,test
fsew0,296,train
fsew0,297,train
fsew0,298,train
fsew0,299,train
fsew0,300,train
fsew0,301,train
fsew0,302,train
fsew0,303,train
fsew0,304,train
fsew0,305,train
fsew0,306,train
fsew0,307,train
fsew0,308,train
fsew0,309,train
fsew0,310,train
fsew0,311,validation
fsew0,312,train
fsew0,313,train
fsew0,314,train
fsew0,315,train
fsew0,316,train
fsew0,317,train
fsew0,318,train
fsew0,319,train
fsew0,320,train
fsew0,321,train
fsew0,322,train
fsew0,323,train
fsew0,324,train
fsew0,325,train
fsew0,326,train
fsew0,327,validation
fsew0,328,train
fsew0,329,train
fsew0,330,train
fsew0,331,train
fsew0,332,train
fsew0,333,train
fsew0,334,train
fsew0,335,train
fsew0,336,train
fsew0,337,train
fsew0,338,train
fsew0,339,train
fsew0,340,train
fsew0,341,validation
fsew0,342,train
fsew0,343,train
fsew0,344,train
fsew0,345,validation
fsew0,346,train
fsew0,347,train
fsew0,348,train
fsew0,349,validation
fsew0,350,train
fsew0,351,train
fsew0,352,train
fsew0,353,train
fsew0,354,train
fsew0,355,train
fsew0,356,train
fsew0,357,train
fsew0,358,train
fsew0,359,train
fsew0,360,train
fsew0,361,train
fsew0,362,train
fsew0,363,train
fsew0,364,train
fsew0,365,train
fsew0,366,train
fsew0,367,test
fsew0,368,train
fsew0,369,train
fsew0,370,train
fsew0,371,train
fsew0,372,train
fsew0,373,train
fsew0,374,train
fsew0,375,train
fsew0,376,train
fsew0,377,train
fsew0,378,train
fsew0,379,train
fsew0,380,train
fsew0,381,train
fsew0,382,train
fsew0,383,train
fsew0,384,train
fsew0,385,train
fsew0,386,train
fsew0,387,train
fsew0,388,train
fsew0,389,train
fsew0,390,train
fsew0,391,train
fsew0,392,train
fsew0,393,test
fsew0,394,train
fsew0,395,validation
fsew0,396,train
fsew0,397,train
fsew0,398,train
fsew0,399,train
fsew0,400,train
fsew0,401,train
fsew0,402,train
fsew0,403,train
fsew0,404,test
fsew0,405,train
fsew0,406,validation
fsew0,407,train
fsew0,408,train
fsew0,409,train
fsew0,410,train
fsew0,411,train
fsew0,412,train
fsew0,413,train
fsew0,414,train
fsew0,415,train
fsew0,416,test
fsew0,417,train
fsew0,418,train
fsew0,419,train
fsew0,420,train
fsew0,421,train
fsew0,422,test
fsew0,423,test
fsew0,424,validation
fsew0,425,test
fsew0,426,train
fsew0,427,train
fsew0,428,train
fsew0,429,train
fsew0,430,train
fsew0,431,train
fsew0,432,train
fsew0,433,train
fsew0,434,train
fsew0,435,train
fsew0,436,train
fsew0,437,train
fsew0,438,train
fsew0,439,test
fsew0,440,train
fsew0,441,train
fsew0,442,train
fsew0,443,test
fsew0,444,train
fsew0,445,train
fsew0,446,train
fsew0,447,train
fsew0,448,train
fsew0,449,train
fsew0,450,validation
fsew0,451,train
fsew0,452,test
fsew0,453,train
fsew0,454,train
fsew0,455,train
fsew0,456,test
fsew0,457,train
fsew0,458,train
fsew0,459,train
fsew0,460,train
msak0,001,train
msak0,002,train
msak0,003,train
msak0,004,train
msak0,005,train
msak0,006,train
msak0,007,validation
msak0,008,train
msak0,009,train
msak0,010,train
msak0,011,train
msak0,012,train
msak0,013,train
msak0,014,train
msak0,015,train
msak0,016,train
msak0,017,train
msak0,018,train
msak0,019,train
msak0,020,train
msak0,021,train
msak0,022,train
msak0,023,train
msak0,024,train
msak0,025,train
msak0,026,validation
msak0,027,train
msak0,028,validation
msak0,029,train
msak0,030,train
msak0,031,train
msak0,032,train
msak0,033,train
msak0,034,train
msak0,035,train
msak0,036,test
msak0,037,train
msak0,038,train
msak0,039,train
msak0,040,train
msak0,041,train
msak0,042,train
msak0,043,train
msak0,044,train
msak0,045,train
msak0,046,train
msak0,047,test
msak0,048,train
msak0,049,train
msak0,050,train
msak0,051,train
msak0,052,train
msak0,053,train
msak0,054,train
msak0,055,train
msak0,056,train
msak0,057,train
msak0,058,train
msak0,059,train
msak0,060,train
msak0,061,train
msak0,062,train
msak0,063,train
msak0,064,train
msak0,065,train
msak0,066,train
msak0,067,train
msak0,068,train
msak0,069,train
msak0,070,train
msak0,071,train
msak0,072,train
msak0,073,train
msak0,074,test
msak0,075,train
msak0,076,test
msak0,077,train
msak0,078,train
msak0,079,train
msak0,080,train
msak0,081,train
msak0,082,train
msak0,083,train
msak0,084,train
msak0,085,train
msak0,086,train
msak0,087,train
msak0,088,train
msak0,089,train
msak0,090,test
msak0,091,train
msak0,092,train
msak0,093,train
msak0,094,train
msak0,095,train
msak0,096,validation
msak0,097,train
msak0,098,train
msak0,099,train
msak0,100,train
msak0,101,train
msak0,102,train
msak0,103,train
msak0,104,train
msak0,105,train
msak0,106,train
msak0,107,train
msak0,108,train
msak0,109,train
msak0,110,validation
msak0,111,train
msak0,112,train
msak0,113,train
msak0,114,train
msak0,115,train
msak0,116,test
msak0,117,train
msak0,118,train
msak0,119,train
msak0,120,train
msak0,121,train
msak0,122,train
msak0,123,train
msak0,124,train
msak0,125,train
msak0,126,train
msak0,127,train
msak0,128,train
msak0,129,train
msak0,130,train
msak0,131,train
msak0,132,test
msak0,133,validation
msak0,134,train
msak0,135,train
msak0,136,train
msak0,137,train
msak0,138,train
msak0,139,train
msak0,140,validation
msak0,141,train
msak0,142,train
msak0,143,test
msak0,144,train
msak0,145,train
msak0,146,test
msak0,147,train
msak0,148,train
msak0,149,train
msak0,150,train
msak0,151,train
msak0,152,test
msak0,153,train
msak0,154,train
msak0,155,train
msak0,156,validation
msak0,157,train
msak0,158,train
msak0,159,train
msak0,160,train
msak0,161,train
msak0,162,train
msak0,163,train
msak0,164,train
msak0,165,train
msak0,166,train
msak0,167,train
msak0,168,train
msak0,169,validation
msak0,170,train
msak0,171,train
msak0,172,train
msak0,173,train
msak0,174,train
msak0,175,train
msak0,176,train
msak0,177,train
msak0,178,validation
msak0,179,train
msak0,180,train
msak0,181,train
msak0,182,train
msak0,183,train
msak0,184,train
msak0,185,test
msak0,186,validation
msak0,187,train
msak0,188,test
msak0,189,train
msak0,190,train
msak0,191,train
msak0,192,train
msak0,193,train
msak0,194,train
msak0,195,train
msak0,196,train
msak0,197,train
msak0,198,train
msak0,199,train
msak0,200,train
msak0,201,validation
msak0,202,train
msak0,203,train
msak0,204,train
msak0,205,train
msak0,206,train
msak0,207,train
msak0,208,train
msak0,209,train
msak0,210,train
msak0,211,train
msak0,212,train
msak0,213,train
msak0,214,train
msak0,215,train
msak0,216,train
msak0,217,train
msak0,218,train
msak0,219,train
msak0,220,train
msak0,221,train
msak0,222,train
msak0,223,train
msak0,224,train
msak0,225,train
msak0,226,train
msak0,227,train
msak0,228,test
msak0,229,train
msak0,230,train
msak0,231,train
msak0,232,train
msak0,233,train
msak0,234,validation
msak0,235,train
msak0,236,train
msak0,237,train
msak0,238,train
msak0,239,train
msak0,240,train
msak0,241,train
msak0,242,train
msak0,243,train
msak0,244,train
msak0,245,test
msak0,246,train
msak0,247,train
msak0,248,train
msak0,249,train
msak0,250,train
msak0,251,validation
msak0,252,train
msak0,253,train
msak0,254,train
msak0,255,train
msak0,256,train
msak0,257,train
msak0,258,train
msak0,259,train
msak0,260,train
msak0,261,train
msak0,262,validation
msak0,263,validation
msak0,264,train
msak0,265,train
msak0,266,train
msak0,267,validation
msak0,268,excluded
msak0,269,validation
msak0,270,test
msak0,271,train
msak0,272,train
msak0,273,train
msak0,274,train
msak0,275,train
msak0,276,train
msak0,277,train
msak0,278,train
msak0,279,train
msak0,280,train
msak0,281,train
msak0,282,train
msak0,283,train
msak0,284,train
msak0,285,train
msak0,286,test
msak0,287,train
msak0,288,train
msak0,289,test
msak0,290,train
msak0,291,train
msak0,292,train
msak0,293,validation
msak0,294,train
msak0,295,train
msak0,296,train
msak0,297,train
msak0,298,validation
msak0,299,train
msak0,300,train
msak0,301,train
msak0,302,train
msak0,303,train
msak0,304,train
msak0,305,train
msak0,306,train
msak0,307,train
msak0,308,train
msak0,309,train
msak0,310,train
msak0,311,train
msak0,312,train
msak0,313,train
msak0,314,train
msak0,315,train
msak0,316,train
msak0,317,train
msak0,318,test
msak0,319,train
msak0,320,test
msak0,321,train
msak0,322,train
msak0,323,train
msak0,324,train
msak0,325,train
msak0,326,train
msak0,327,train
msak0,328,test
msak0,329,train
msak0,330,train
msak0,331,train
msak0,332,train
msak0,333,train
msak0,334,train
msak0,335,train
msak0,336,train
msak0,337,train
msak0,338,train
msak0,339,train
msak0,340,train
msak0,341,train
msak0,342,validation
msak0,343,train
msak0,344,train
msak0,345,train
msak0,346,train
msak0,347,train
msak0,348,test
msak0,349,train
msak0,350,train
msak0,351,train
msak0,352,train
msak0,353,train
msak0,354,test
msak0,355,validation
msak0,356,train
msak0,357,train
msak0,358,validation
msak0,359,train
msak0,360,train
msak0,361,train
msak0,362,train
msak0,363,train
msak0,364,train
msak0,365,train
msak0,366,train
msak0,367,train
msak0,368,train
msak0,369,train
msak0,370,train
msak0,371,train
msak0,372,train
msak0,373,train
msak0,374,train
msak0,375,train
msak0,376,train
msak0,377,train
msak0,378,train
msak0,379,train
msak0,380,train
msak0,381,train
msak0,382,train
msak0,383,train
msak0,384,train
msak0,385,train
msak0,386,train
msak0,387,train
msak0,388,train
msak0,389,validation
msak0,390,train
msak0,391,train
msak0,392,train
msak0,393,train
msak0,394,validation
msak0,395,train
msak0,396,train
msak0,397,train
msak0,398,train
msak0,399,train
msak0,400,test
msak0,401,train
msak0,402,validation
msak0,403,validation
msak0,404,train
msak0,405,train
msak0,406,train
msak0,407,test
msak0,408,train
msak0,409,train
msak0,410,train
msak0,411,train
msak0,412,train
msak0,413,train
msak0,414,train
msak0,415,train
msak0,416,train
msak0,417,train
msak0,418,train
msak0,419,train
msak0,420,train
msak0,421,train
msak0,422,train
msak0,423,train
msak0,424,train
msak0,425,train
msak0,426,train
msak0,427,train
msak0,428,test
msak0,429,train
msak0,430,train
msak0,431,train
msak0,432,train
msak0,433,train
msak0,434,train
msak0,435,test
msak0,436,train
msak0,437,validation
msak0,438,train
msak0,439,train
msak0,440,train
msak0,441,train
msak0,442,train
msak0,443,train
msak0,444,validation
msak0,445,train
msak0,446,train
msak0,447,train
msak0,448,train
msak0,449,validation
msak0,450,train
msak0,451,test
msak0,452,train
msak0,453,test
msak0,454,test
msak0,455,train
msak0,456,train
msak0,457,train
msak0,458,train
msak0,459,train
msak0,460,test
