speaker,session,sensor_index_1based,recordings,flat_recording_fraction,usually_unavailable
F03,Session2,1,159,0.0,0
F03,Session2,2,159,0.0,0
F03,Session2,3,159,0.0,0
F03,Session2,4,159,0.0,0
F03,Session2,5,159,0.0,0
F03,Session2,6,159,0.0,0
F03,Session2,7,159,0.0,0
F03,Session2,8,159,0.0,0
F03,Session2,9,159,0.0,0
F03,Session2,10,159,0.0,0
F03,Session2,11,159,0.0,0
F03,Session2,12,159,0.0,0
F03,Session3,1,214,0.0,0
F03,Session3,2,214,0.0,0
F03,Session3,3,214,0.0,0
F03,Session3,4,214,0.0,0
F03,Session3,5,214,0.0,0
F03,Session3,6,214,0.0,0
F03,Session3,7,214,0.0,0
F03,Session3,8,214,0.0,0
F03,Session3,9,214,0.0,0
F03,Session3,10,214,0.0,0
F03,Session3,11,214,0.0,0
F03,Session3,12,214,0.0,0
F04,Session2,1,250,0.0,0
F04,Session2,2,250,0.0,0
F04,Session2,3,250,0.0,0
F04,Session2,4,250,0.0,0
F04,Session2,5,250,0.0,0
F04,Session2,6,250,0.0,0
F04,Session2,7,250,0.0,0
F04,Session2,8,250,0.0,0
F04,Session2,9,250,0.0,0
F04,Session2,10,250,0.0,0
F04,Session2,11,250,0.0,0
F04,Session2,12,250,0.0,0
FC01,Session1,1,164,0.0,0
FC01,Session1,2,164,0.0,0
FC01,Session1,3,164,0.0,0
FC01,Session1,4,164,0.0,0
FC01,Session1,5,164,0.0,0
FC01,Session1,6,164,0.0,0
FC01,Session1,7,164,0.0,0
FC01,Session1,8,164,0.0,0
FC01,Session1,9,164,0.0,0
FC01,Session1,10,164,0.0,0
FC01,Session1,11,164,0.0,0
FC01,Session1,12,164,0.0,0
FC02,Session3,1,999,0.0,0
FC02,Session3,2,999,0.0,0
FC02,Session3,3,999,0.0,0
FC02,Session3,4,999,0.0,0
FC02,Session3,5,999,0.0,0
FC02,Session3,6,999,0.0,0
FC02,Session3,7,999,0.0,0
FC02,Session3,8,999,0.0,0
FC02,Session3,9,999,0.0,0
FC02,Session3,10,999,0.0,0
FC02,Session3,11,999,0.0,0
FC02,Session3,12,999,0.0,0
FC03,Session1,1,405,0.0,0
FC03,Session1,2,405,0.0,0
FC03,Session1,3,405,0.0,0
FC03,Session1,4,405,0.0,0
FC03,Session1,5,405,0.0,0
FC03,Session1,6,405,0.0,0
FC03,Session1,7,405,0.0,0
FC03,Session1,8,405,0.0,0
FC03,Session1,9,405,0.0,0
FC03,Session1,10,405,0.0,0
FC03,Session1,11,405,0.0,0
FC03,Session1,12,405,0.0,0
FC03,Session2,1,390,0.0,0
FC03,Session2,2,390,0.0,0
FC03,Session2,3,390,0.0,0
FC03,Session2,4,390,0.0,0
FC03,Session2,5,390,0.0,0
FC03,Session2,6,390,0.0,0
FC03,Session2,7,390,0.0,0
FC03,Session2,8,390,0.0,0
FC03,Session2,9,390,0.0,0
FC03,Session2,10,390,0.0,0
FC03,Session2,11,390,0.0,0
FC03,Session2,12,390,0.0,0
M01,Session1,1,100,0.01,0
M01,Session1,2,100,0.1,0
M01,Session1,3,100,0.01,0
M01,Session1,4,100,0.0,0
M01,Session1,5,100,0.0,0
M01,Session1,6,100,0.03,0
M01,Session1,7,100,0.0,0
M01,Session1,8,100,0.0,0
M01,Session1,9,100,0.0,0
M01,Session1,10,100,0.0,0
M01,Session1,11,100,0.0,0
M01,Session1,12,100,0.0,0
M02,Session2,1,169,1.0,1
M02,Session2,2,169,0.0,0
M02,Session2,3,169,0.0,0
M02,Session2,4,169,0.0,0
M02,Session2,5,169,0.0,0
M02,Session2,6,169,0.0,0
M02,Session2,7,169,0.0,0
M02,Session2,8,169,0.0,0
M02,Session2,9,169,0.0,0
M02,Session2,10,169,0.0,0
M02,Session2,11,169,0.0,0
M02,Session2,12,169,0.0,0
M03,Session2,1,421,0.0,0
M03,Session2,2,421,0.0,0
M03,Session2,3,421,0.0,0
M03,Session2,4,421,0.0,0
M03,Session2,5,421,0.0,0
M03,Session2,6,421,0.0,0
M03,Session2,7,421,0.0,0
M03,Session2,8,421,0.0,0
M03,Session2,9,421,0.0,0
M03,Session2,10,421,0.0,0
M03,Session2,11,421,0.0,0
M03,Session2,12,421,0.0,0
M04,Session2,1,298,1.0,1
M04,Session2,2,298,1.0,1
M04,Session2,3,298,1.0,1
M04,Session2,4,298,0.0,0
M04,Session2,5,298,0.0,0
M04,Session2,6,298,0.0,0
M04,Session2,7,298,0.0,0
M04,Session2,8,298,1.0,1
M04,Session2,9,298,0.0,0
M04,Session2,10,298,0.0,0
M04,Session2,11,298,0.0,0
M04,Session2,12,298,0.0,0
M05,Session1,1,130,1.0,1
M05,Session1,2,130,1.0,1
M05,Session1,3,130,1.0,1
M05,Session1,4,130,0.0,0
M05,Session1,5,130,0.0,0
M05,Session1,6,130,0.0,0
M05,Session1,7,130,0.0,0
M05,Session1,8,130,0.0,0
M05,Session1,9,130,0.0,0
M05,Session1,10,130,0.0,0
M05,Session1,11,130,0.0,0
M05,Session1,12,130,0.0,0
M05,Session2,1,354,1.0,1
M05,Session2,2,354,0.0,0
M05,Session2,3,354,1.0,1
M05,Session2,4,354,0.0,0
M05,Session2,5,354,0.0,0
M05,Session2,6,354,0.0,0
M05,Session2,7,354,0.0,0
M05,Session2,8,354,0.0,0
M05,Session2,9,354,0.0,0
M05,Session2,10,354,0.0,0
M05,Session2,11,354,0.0,0
M05,Session2,12,354,0.0,0
MC01,Session1,1,313,0.0,0
MC01,Session1,2,313,0.0,0
MC01,Session1,3,313,0.0,0
MC01,Session1,4,313,0.0,0
MC01,Session1,5,313,0.0,0
MC01,Session1,6,313,0.0,0
MC01,Session1,7,313,0.0,0
MC01,Session1,8,313,0.0,0
MC01,Session1,9,313,0.0,0
MC01,Session1,10,313,0.0,0
MC01,Session1,11,313,0.0,0
MC01,Session1,12,313,0.0,0
MC01,Session3,1,183,0.0,0
MC01,Session3,2,183,0.0,0
MC01,Session3,3,183,0.0,0
MC01,Session3,4,183,0.0,0
MC01,Session3,5,183,0.0,0
MC01,Session3,6,183,0.0,0
MC01,Session3,7,183,0.0,0
MC01,Session3,8,183,0.0,0
MC01,Session3,9,183,0.0,0
MC01,Session3,10,183,0.0,0
MC01,Session3,11,183,0.0,0
MC01,Session3,12,183,0.0,0
MC02,Session1,1,388,0.0,0
MC02,Session1,2,388,0.0,0
MC02,Session1,3,388,0.0,0
MC02,Session1,4,388,0.0,0
MC02,Session1,5,388,0.0,0
MC02,Session1,6,388,0.0,0
MC02,Session1,7,388,0.0,0
MC02,Session1,8,388,0.0,0
MC02,Session1,9,388,0.0,0
MC02,Session1,10,388,0.0,0
MC02,Session1,11,388,0.0,0
MC02,Session1,12,388,0.0,0
MC02,Session2,1,76,0.0,0
MC02,Session2,2,76,0.0,0
MC02,Session2,3,76,0.0,0
MC02,Session2,4,76,0.0,0
MC02,Session2,5,76,0.0,0
MC02,Session2,6,76,0.0,0
MC02,Session2,7,76,0.0,0
MC02,Session2,8,76,0.0,0
MC02,Session2,9,76,0.0,0
MC02,Session2,10,76,0.0,0
MC02,Session2,11,76,0.0,0
MC02,Session2,12,76,0.0,0
MC03,Session1,1,600,0.0,0
MC03,Session1,2,600,0.0,0
MC03,Session1,3,600,0.0,0
MC03,Session1,4,600,0.0,0
MC03,Session1,5,600,0.0,0
MC03,Session1,6,600,0.0,0
MC03,Session1,7,600,0.0,0
MC03,Session1,8,600,0.0,0
MC03,Session1,9,600,0.0,0
MC03,Session1,10,600,0.0,0
MC03,Session1,11,600,0.0,0
MC03,Session1,12,600,0.0,0
MC04,Session1,1,654,0.0,0
MC04,Session1,2,654,0.0,0
MC04,Session1,3,654,0.0,0
MC04,Session1,4,654,0.0,0
MC04,Session1,5,654,0.0,0
MC04,Session1,6,654,0.0,0
MC04,Session1,7,654,0.0,0
MC04,Session1,8,654,0.0,0
MC04,Session1,9,654,0.0,0
MC04,Session1,10,654,0.0,0
MC04,Session1,11,654,0.0,0
MC04,Session1,12,654,0.0,0
