fold,speaker,condition,role,asr_utterances
0,F01,dysarthric,test,118
0,F03,dysarthric,validation,546
0,F04,dysarthric,train,429
0,FC01,control,test,151
0,FC02,control,validation,1221
0,FC03,control,train,964
0,M01,dysarthric,test,372
0,M02,dysarthric,validation,388
0,M03,dysarthric,train,406
0,M04,dysarthric,train,391
0,M05,dysarthric,train,500
0,MC01,control,test,1078
0,MC02,control,validation,677
0,MC03,control,train,870
0,MC04,control,train,993
1,F01,dysarthric,train,118
1,F03,dysarthric,test,546
1,F04,dysarthric,validation,429
1,FC01,control,train,151
1,FC02,control,test,1221
1,FC03,control,validation,964
1,M01,dysarthric,train,372
1,M02,dysarthric,test,388
1,M03,dysarthric,validation,406
1,M04,dysarthric,train,391
1,M05,dysarthric,train,500
1,MC01,control,train,1078
1,MC02,control,test,677
1,MC03,control,validation,870
1,MC04,control,train,993
2,F01,dysarthric,train,118
2,F03,dysarthric,train,546
2,F04,dysarthric,test,429
2,FC01,control,train,151
2,FC02,control,train,1221
2,FC03,control,test,964
2,M01,dysarthric,train,372
2,M02,dysarthric,train,388
2,M03,dysarthric,test,406
2,M04,dysarthric,validation,391
2,M05,dysarthric,validation,500
2,MC01,control,train,1078
2,MC02,control,train,677
2,MC03,control,test,870
2,MC04,control,validation,993
3,F01,dysarthric,validation,118
3,F03,dysarthric,train,546
3,F04,dysarthric,train,429
3,FC01,control,validation,151
3,FC02,control,train,1221
3,FC03,control,train,964
3,M01,dysarthric,validation,372
3,M02,dysarthric,train,388
3,M03,dysarthric,train,406
3,M04,dysarthric,test,391
3,M05,dysarthric,test,500
3,MC01,control,validation,1078
3,MC02,control,train,677
3,MC03,control,train,870
3,MC04,control,test,993
