train_speaker,test_speaker,evaluation_scope,utterances,frames,target_channel,pearson_r,ci_low,ci_high,chosen_alpha
fsew0,fsew0,within_speaker_test,30,10578,li_x,0.46794155007382254,0.4007773585820954,0.5368423881703955,1.0
fsew0,fsew0,within_speaker_test,30,10578,ul_x,0.41638710154892483,0.3515422554671572,0.47738143932963356,1.0
fsew0,fsew0,within_speaker_test,30,10578,ll_x,0.4040080331862305,0.35473865502619306,0.456378766381161,1.0
fsew0,fsew0,within_speaker_test,30,10578,tt_x,0.5874508485255561,0.5460097555496513,0.6257777486323332,1.0
fsew0,fsew0,within_speaker_test,30,10578,tb_x,0.6406258426189284,0.5937473237737215,0.6850758538979723,1.0
fsew0,fsew0,within_speaker_test,30,10578,td_x,0.6241202707652698,0.5708621767324282,0.673115178695417,1.0
fsew0,fsew0,within_speaker_test,30,10578,v_x,0.7625590416335981,0.7366837723915589,0.786979200139815,1.0
fsew0,fsew0,within_speaker_test,30,10578,li_y,0.653844410941393,0.5987794352997231,0.7012848180850461,1.0
fsew0,fsew0,within_speaker_test,30,10578,ul_y,0.43072409524848393,0.37876915000727895,0.4839767625214605,1.0
fsew0,fsew0,within_speaker_test,30,10578,ll_y,0.6297854927278034,0.5836789674422598,0.6735688718147292,1.0
fsew0,fsew0,within_speaker_test,30,10578,tt_y,0.6401327362939004,0.5967145057639255,0.6787738093144644,1.0
fsew0,fsew0,within_speaker_test,30,10578,tb_y,0.6734533827909628,0.6372936255867352,0.7092651567224342,1.0
fsew0,fsew0,within_speaker_test,30,10578,td_y,0.5559212515545535,0.5178638707460073,0.5927980131300464,1.0
fsew0,fsew0,within_speaker_test,30,10578,v_y,0.6401440922065147,0.5893809054135375,0.6919371722667623,1.0
fsew0,msak0,unseen_speaker_swap,459,164025,li_x,0.2698101830087517,0.2501776638382063,0.28867648186482936,1.0
fsew0,msak0,unseen_speaker_swap,459,164025,ul_x,0.05559670603360216,0.03330475459514908,0.0789995603663517,1.0
fsew0,msak0,unseen_speaker_swap,459,164025,ll_x,0.022013708105062587,0.0026720672444578404,0.04274375334249884,1.0
fsew0,msak0,unseen_speaker_swap,459,164025,tt_x,0.31416946463904133,0.28921985900182406,0.337407464766192,1.0
fsew0,msak0,unseen_speaker_swap,459,164025,tb_x,0.24870173247870989,0.23034650680432164,0.266520242063621,1.0
fsew0,msak0,unseen_speaker_swap,459,164025,td_x,0.30902685797749524,0.2908459458887996,0.32633990486890296,1.0
fsew0,msak0,unseen_speaker_swap,459,164025,v_x,0.6578227033764498,0.6476315538921634,0.6673052505953319,1.0
fsew0,msak0,unseen_speaker_swap,459,164025,li_y,0.486216343822418,0.4662348108760332,0.5038633160763731,1.0
fsew0,msak0,unseen_speaker_swap,459,164025,ul_y,0.2959723578083535,0.2794176115670677,0.31304973232620287,1.0
fsew0,msak0,unseen_speaker_swap,459,164025,ll_y,0.4691662254118498,0.45579962882934294,0.48270883135866466,1.0
fsew0,msak0,unseen_speaker_swap,459,164025,tt_y,0.29663518554599705,0.2754609944424199,0.31548477637168154,1.0
fsew0,msak0,unseen_speaker_swap,459,164025,tb_y,0.4697908588600639,0.45489289855409415,0.48425810658167107,1.0
fsew0,msak0,unseen_speaker_swap,459,164025,td_y,0.04514239255755489,0.02402939080001058,0.06436478689840859,1.0
fsew0,msak0,unseen_speaker_swap,459,164025,v_y,0.4916055840395445,0.4710712652265619,0.5119436661014096,1.0
msak0,msak0,within_speaker_test,30,10617,li_x,0.5021537992985062,0.4507842684432595,0.5588536041273354,1000.0
msak0,msak0,within_speaker_test,30,10617,ul_x,0.4123806549986698,0.3388461047352189,0.4747305145232012,1000.0
msak0,msak0,within_speaker_test,30,10617,ll_x,0.6524119057703088,0.6073591305409977,0.6857988139042561,1000.0
msak0,msak0,within_speaker_test,30,10617,tt_x,0.5872537056458448,0.5203106397711805,0.6410059374817769,1000.0
msak0,msak0,within_speaker_test,30,10617,tb_x,0.4692603963726352,0.39265837847801155,0.5369254493741439,1000.0
msak0,msak0,within_speaker_test,30,10617,td_x,0.48925439189408,0.42020132447839104,0.5539019472358913,1000.0
msak0,msak0,within_speaker_test,30,10617,v_x,0.7523090248185991,0.7302442120926309,0.7769971268754634,1000.0
msak0,msak0,within_speaker_test,30,10617,li_y,0.6479465872818562,0.6012274009466451,0.6945288332539131,1000.0
msak0,msak0,within_speaker_test,30,10617,ul_y,0.7065222923379012,0.6703126411676924,0.7419945096275729,1000.0
msak0,msak0,within_speaker_test,30,10617,ll_y,0.7090395332351505,0.6705502500350448,0.7462214987701811,1000.0
msak0,msak0,within_speaker_test,30,10617,tt_y,0.6368569001939884,0.5960088484936633,0.6762866698714667,1000.0
msak0,msak0,within_speaker_test,30,10617,tb_y,0.6827557542774694,0.6492680168561041,0.7109475288118337,1000.0
msak0,msak0,within_speaker_test,30,10617,td_y,0.5245948312933354,0.4727779622893563,0.5657567602132568,1000.0
msak0,msak0,within_speaker_test,30,10617,v_y,0.5931864975845602,0.5377098967708119,0.6485957517647651,1000.0
msak0,fsew0,unseen_speaker_swap,460,166889,li_x,0.1282177224502645,0.1109486961065656,0.14650655466163365,1000.0
msak0,fsew0,unseen_speaker_swap,460,166889,ul_x,0.14399245226758153,0.12382000656464262,0.16486822890613298,1000.0
msak0,fsew0,unseen_speaker_swap,460,166889,ll_x,0.015028170793486425,-0.003406276881609213,0.03408432004762612,1000.0
msak0,fsew0,unseen_speaker_swap,460,166889,tt_x,0.2883351624518023,0.2718923608408864,0.3039272659667961,1000.0
msak0,fsew0,unseen_speaker_swap,460,166889,tb_x,0.33241901838580434,0.31597579094727984,0.3478967994268387,1000.0
msak0,fsew0,unseen_speaker_swap,460,166889,td_x,0.38593456996679487,0.36997936625831973,0.40126439313999823,1000.0
msak0,fsew0,unseen_speaker_swap,460,166889,v_x,0.6416512531845452,0.6305488507842087,0.6517710978306079,1000.0
msak0,fsew0,unseen_speaker_swap,460,166889,li_y,0.4951594111779396,0.4830542162040689,0.5085214265597993,1000.0
msak0,fsew0,unseen_speaker_swap,460,166889,ul_y,0.278618140235437,0.26079234018917646,0.29656621991721893,1000.0
msak0,fsew0,unseen_speaker_swap,460,166889,ll_y,0.44561626551539707,0.43225216004596256,0.4595810811813502,1000.0
msak0,fsew0,unseen_speaker_swap,460,166889,tt_y,0.21588585319368378,0.1992330016388457,0.23351488336415074,1000.0
msak0,fsew0,unseen_speaker_swap,460,166889,tb_y,0.4250338170709429,0.4106801757809823,0.4403349226640434,1000.0
msak0,fsew0,unseen_speaker_swap,460,166889,td_y,0.07577956258734536,0.05998604130345405,0.09305660238848901,1000.0
msak0,fsew0,unseen_speaker_swap,460,166889,v_y,0.5048211361481086,0.4893211167139524,0.5207482717309525,1000.0
