fold,speaker,session,utterance_id,audio_path,duration_seconds,stage,reference,target_status,hypothesis,reference_words,substitutions,deletions,insertions
0,F01,Session1,0008,data/extracted/torgo/F01/Session1/wav_headMic/0008.wav,9.84375,after_lora,"Except in the winter when the ooze or snow or ice prevents,",working_prompt_unverified,I'm stuck in the rain. The rules also allow for rain.,12,7,2,1
0,F01,Session1,0014,data/extracted/torgo/F01/Session1/wav_headMic/0014.wav,6.56244,after_lora,he slowly takes a short walk in the open air each day.,working_prompt_unverified,He slowly kicks a slight walk in the open area again.,12,4,1,0
0,F01,Session1,0032,data/extracted/torgo/F01/Session1/wav_headMic/0032.wav,7.56687,after_lora,She had your dark suit in greasy wash water all year.,working_prompt_unverified,She has even got to an increasingly small audience.,11,8,2,0
0,F01,Session1,0035,data/extracted/torgo/F01/Session1/wav_headMic/0035.wav,12.42163,after_lora,giving those who observe him a pronounced feeling of the utmost respect.,working_prompt_unverified,I remember who abused him from his feelings in the almost-less manner.,12,9,0,1
0,F01,Session1,0036,data/extracted/torgo/F01/Session1/wav_headMic/0036.wav,6.31931,after_lora,"We have often urged him to walk more and smoke less,",working_prompt_unverified,We have a lot of children who can walk more slowly and smoke less.,11,4,0,3
0,F01,Session1,0116,data/extracted/torgo/F01/Session1/wav_headMic/0116.wav,9.807,after_lora,Twice each day he plays skillfully and with zest upon our small organ.,working_prompt_unverified,"When he's an Indian, he plays skillful and wins the best upon a small organ.",13,7,0,2
0,F01,Session1,0126,data/extracted/torgo/F01/Session1/wav_headMic/0126.wav,6.24081,after_lora,"he dresses himself in an ancient black frock coat,",working_prompt_unverified,He grishes himself in a drinking water bottle.,9,5,1,0
0,F01,Session1,0132,data/extracted/torgo/F01/Session1/wav_headMic/0132.wav,9.16313,after_lora,"When he speaks, his voice is just a bit cracked and quivers a trifle.",working_prompt_unverified,"When he speaks, his voice is just a bit cracked and he moves just a bit careful.",14,2,0,3
0,M01,Session2_3,0013,data/extracted/torgo/M01/Session2_3/wav_headMic/0013.wav,7.86256,after_lora,The quick brown fox jumps over the lazy dog.,working_prompt_unverified,Take quick brown fox jumps over the lazy dog.,9,1,0,0
0,M01,Session2_3,0042,data/extracted/torgo/M01/Session2_3/wav_headMic/0042.wav,8.73387,after_lora,The islands are sparsely populated.,working_prompt_unverified,The islands are far too popular.,5,2,0,1
0,M01,Session2_3,0043,data/extracted/torgo/M01/Session2_3/wav_headMic/0043.wav,7.49619,after_lora,Both figures would go higher in later years.,working_prompt_unverified,Boys bigger with coal iron in later years.,8,5,0,0
0,M01,Session2_3,0045,data/extracted/torgo/M01/Session2_3/wav_headMic/0045.wav,7.42131,after_lora,One validated acts of school districts.,working_prompt_unverified,one validated act of school district.,6,2,0,0
0,M01,Session2_3,0056,data/extracted/torgo/M01/Session2_3/wav_headMic/0056.wav,7.00425,after_lora,Are your grades higher or lower than Nancy's?,working_prompt_unverified,are your great ire or lower than empty.,8,3,0,0
0,M01,Session2_3,0066,data/extracted/torgo/M01/Session2_3/wav_headMic/0066.wav,11.749,after_lora,Two other cases also were under advisement.,working_prompt_unverified,"to other kids, or lower, under an advisement.",7,4,0,1
0,M01,Session2_3,0084,data/extracted/torgo/M01/Session2_3/wav_headMic/0084.wav,7.45181,after_lora,Jane may earn more money by working hard.,working_prompt_unverified,Jane may earn more money by working hard.,8,0,0,0
0,M01,Session2_3,0095,data/extracted/torgo/M01/Session2_3/wav_headMic/0095.wav,6.53525,after_lora,I scrubbed the floors thoroughly.,working_prompt_unverified,I scrub the floor thoroughly.,5,2,0,0
0,M01,Session2_3,0109,data/extracted/torgo/M01/Session2_3/wav_headMic/0109.wav,8.04194,after_lora,You'd be better off taking a cold shower.,working_prompt_unverified,youth be better off taking a cold shower.,8,1,0,0
0,M01,Session2_3,0113,data/extracted/torgo/M01/Session2_3/wav_headMic/0113.wav,7.68406,after_lora,Nothing is as offensive as innocence.,working_prompt_unverified,Mazing is as a vendor for you.,6,4,0,1
0,M01,Session2_3,0117,data/extracted/torgo/M01/Session2_3/wav_headMic/0117.wav,6.81775,after_lora,Bright sunshine shimmers on the ocean.,working_prompt_unverified,"bride and rain, shimmer and ocean.",6,5,0,0
0,M01,Session2_3,0121,data/extracted/torgo/M01/Session2_3/wav_headMic/0121.wav,6.66706,after_lora,All the big baseball players get traded.,working_prompt_unverified,All the big baseball players can train.,7,2,0,0
0,M01,Session2_3,0125,data/extracted/torgo/M01/Session2_3/wav_headMic/0125.wav,6.02894,after_lora,My sister made the flowered curtains.,working_prompt_unverified,"my little baby, the flower curtain.",6,4,0,0
0,M01,Session2_3,0127,data/extracted/torgo/M01/Session2_3/wav_headMic/0127.wav,6.26537,after_lora,Why yell or worry over silly items?,working_prompt_unverified,Why yell or worry of silly items?,7,1,0,0
0,M01,Session2_3,0129,data/extracted/torgo/M01/Session2_3/wav_headMic/0129.wav,7.86125,after_lora,The train approached the depot slowly.,working_prompt_unverified,then drain a product.,6,4,2,0
0,M01,Session2_3,0132,data/extracted/torgo/M01/Session2_3/wav_headMic/0132.wav,7.152,after_lora,They carried me off on the stretcher.,working_prompt_unverified,"They carried me up and under, stretching.",7,4,0,0
0,M01,Session2_3,0146,data/extracted/torgo/M01/Session2_3/wav_headMic/0146.wav,6.81319,after_lora,"Everything went real smooth, the sheriff said.",working_prompt_unverified,"Everything went real smooth, the air of the end.",7,2,0,2
0,M01,Session2_3,0159,data/extracted/torgo/M01/Session2_3/wav_headMic/0159.wav,12.08081,after_lora,This is not a program of socialized medicine.,working_prompt_unverified,Didn't have a program of getting the time over again.,8,4,1,3
0,M01,Session2_3,0160,data/extracted/torgo/M01/Session2_3/wav_headMic/0160.wav,6.79219,after_lora,This is not a program of socialized medicine.,working_prompt_unverified,They did not have program of law that I may deserve.,8,5,0,3
0,M01,Session2_3,0165,data/extracted/torgo/M01/Session2_3/wav_headMic/0165.wav,15.70813,after_lora,It also provides for funds to clear slums and help colleges build dormitories.,working_prompt_unverified,It also provides for fun to create young and old colleges.,13,4,2,0
0,M01,Session2_3,0167,data/extracted/torgo/M01/Session2_3/wav_headMic/0167.wav,6.23487,after_lora,Alimony harms a divorced man's wealth.,working_prompt_unverified,Elimony are a department world.,6,4,1,0
0,M01,Session2_3,0174,data/extracted/torgo/M01/Session2_3/wav_headMic/0174.wav,6.60288,after_lora,The dolphins swam around our boat.,working_prompt_unverified,they don't swim around our boat.,6,3,0,0
0,M01,Session2_3,0177,data/extracted/torgo/M01/Session2_3/wav_headMic/0177.wav,6.59237,after_lora,Day after day some new episode is reported.,working_prompt_unverified,They have their day revenue and the jobs in reporting.,8,7,0,2
0,M01,Session2_3,0179,data/extracted/torgo/M01/Session2_3/wav_headMic/0179.wav,8.63213,after_lora,It eventually became a rather proud claim.,working_prompt_unverified,It eventually became a rather proud thing.,7,1,0,0
0,M01,Session2_3,0181,data/extracted/torgo/M01/Session2_3/wav_headMic/0181.wav,13.51531,after_lora,He further proposed grants of an unspecified sum for experimental hospitals.,working_prompt_unverified,eaters propose grandeur and benefits some for experimental advertising.,11,7,2,0
0,M01,Session2_3,0185,data/extracted/torgo/M01/Session2_3/wav_headMic/0185.wav,6.10475,after_lora,The misguided souls have lost their way.,working_prompt_unverified,Amigae did not have a lighter weight.,7,6,0,0
0,M01,Session2_3,0188,data/extracted/torgo/M01/Session2_3/wav_headMic/0188.wav,9.84269,after_lora,Aluminum silverware can often be flimsy.,working_prompt_unverified,Aluminum everywhere can also be f fanny.,6,3,0,1
0,M01,Session2_3,0191,data/extracted/torgo/M01/Session2_3/wav_headMic/0191.wav,12.89506,after_lora,Nothing has been done yet to take advantage of the enabling legislation.,working_prompt_unverified,Nothing has been done yet to take advantage of the inability of the two eating.,12,2,0,3
0,M01,Session2_3,0202,data/extracted/torgo/M01/Session2_3/wav_headMic/0202.wav,7.29631,after_lora,This is a period of transition for me.,working_prompt_unverified,Did it a barrier of transient for me?,8,4,0,0
0,M01,Session2_3,0205,data/extracted/torgo/M01/Session2_3/wav_headMic/0205.wav,7.52481,after_lora,"If you are losing water, replace it immediately.",working_prompt_unverified,If you are doing water replacement immediately.,8,2,1,0
0,M01,Session2_3,0206,data/extracted/torgo/M01/Session2_3/wav_headMic/0206.wav,9.66313,after_lora,"When all else fails, use force.",working_prompt_unverified,windout always builds huge force.,6,4,1,0
0,M01,Session2_3,0232,data/extracted/torgo/M01/Session2_3/wav_headMic/0232.wav,8.10325,after_lora,"Before Thursday's exam, review every formula.",working_prompt_unverified,"they pour their days again, they view every formula.",6,4,0,3
0,M01,Session2_3,0235,data/extracted/torgo/M01/Session2_3/wav_headMic/0235.wav,7.25894,after_lora,The museum hires musicians every evening.,working_prompt_unverified,"The beauty of art, beauty in every evening.",6,3,0,2
0,M01,Session2_3,0240,data/extracted/torgo/M01/Session2_3/wav_headMic/0240.wav,6.35369,after_lora,The job provides many benefits.,working_prompt_unverified,"The job provides money, benefits,",5,1,0,0
0,M01,Session2_3,0278,data/extracted/torgo/M01/Session2_3/wav_headMic/0278.wav,6.50769,after_lora,Both injuries were to the same leg.,working_prompt_unverified,go with injuries or do the same thing.,7,4,0,1
