speaker,session,utterance_id,duration_seconds,prompt,after_hypothesis,reference_words,before_errors,after_errors,errors_saved,after_substitutions,after_deletions,after_insertions
M04,Session2,0291,17.41006,Nothing has been done yet to take advantage of the enabling legislation.,nothing and had been done to the earth and then and then and then and then and then and then and then and then and then and then and then and then and then and then and then and then and then and then and then and then and then and then and then and then and then and then and then and then and then and then and then and then and then and then and then and then and then and then and then and then and then and then and then and then and then and then and then and then and then and then and then and then and then and then and then and then and then and then and then and then and then and then and then and then and then and then and then and then and then and then and then and then and then and then and then and then,12,11,157,-146,9,0,148
M04,Session1,0120,22.5,giving those who observe him a pronounced feeling of the utmost respect.,Give it. Don't look at the door. If our people know the name of the animal we met,12,103,16,87,10,0,6
M04,Session1,0094,23.25,"When he speaks, his voice is just a bit cracked and quivers a trifle.","one-way sheep, his boy, his kid, a big cat, and a cool, odd, straight driver.",14,16,13,3,11,0,2
M04,Session2,0029,19.54506,"When he speaks, his voice is just a bit cracked and quivers a trifle.","When we beat a head voice, it gets a bit goggled and quibbled on a dragon's triplet.",14,12,11,1,8,0,3
F01,Session1,0008,9.84375,"Except in the winter when the ooze or snow or ice prevents,",I'm stuck in the rain. The rules also allow for rain.,12,9,10,-1,7,2,1
F01,Session1,0032,7.56687,She had your dark suit in greasy wash water all year.,She has even got to an increasingly small audience.,11,10,10,0,8,2,0
F01,Session1,0035,12.42163,giving those who observe him a pronounced feeling of the utmost respect.,I remember who abused him from his feelings in the almost-less manner.,12,13,10,3,9,0,1
M04,Session1,0012,20.85,Twice each day he plays skillfully and with zest upon our small organ.,Twice is the place to secure me and be with them upon our organs.,13,13,10,3,7,1,2
F01,Session1,0116,9.807,Twice each day he plays skillfully and with zest upon our small organ.,"When he's an Indian, he plays skillful and wins the best upon a small organ.",13,10,9,1,7,0,2
M01,Session2_3,0177,6.59237,Day after day some new episode is reported.,They have their day revenue and the jobs in reporting.,8,9,9,0,7,0,2
M01,Session2_3,0181,13.51531,He further proposed grants of an unspecified sum for experimental hospitals.,eaters propose grandeur and benefits some for experimental advertising.,11,9,9,0,7,2,0
M02,Session1,0092,11.63862,Twice each day he plays skillfully and with zest upon our small organ.,Tracy stays in place carefully and results upon a small organ.,13,8,9,-1,7,2,0
M04,Session1,0082,12.6,"A long, flowing beard clings to his chin,","all bones found bread, cooked eggs, turned into hens,",8,8,9,-1,8,0,1
M04,Session1,0088,16.01419,She had your dark suit in greasy wash water all year.,She and your students would like to wear a,11,8,9,-1,7,2,0
M01,Session2_3,0159,12.08081,This is not a program of socialized medicine.,Didn't have a program of getting the time over again.,8,9,8,1,4,1,3
M01,Session2_3,0160,6.79219,This is not a program of socialized medicine.,They did not have program of law that I may deserve.,8,5,8,-3,5,0,3
M04,Session1,0076,12.6,Don't ask me to carry an oily rag like that.,"doughnut, dookay, and oil. Like that.",10,7,8,-1,4,4,0
M04,Session2,0083,14.52506,"he dresses himself in an ancient black frock coat,",fidrate and tone and an accident like football codes,9,8,8,0,8,0,0
M04,Session2,0231,8.34006,The train approached the depot slowly.,I drink a bunch and then the tea works slowly.,6,7,8,-1,4,0,4
F01,Session1,0036,6.31931,"We have often urged him to walk more and smoke less,",We have a lot of children who can walk more slowly and smoke less.,11,9,7,2,4,0,3
M01,Session2_3,0232,8.10325,"Before Thursday's exam, review every formula.","they pour their days again, they view every formula.",6,7,7,0,4,0,3
M04,Session1,0036,9.45,The quick brown fox jumps over the lazy dog.,The quick build path just opened that lady's door.,9,7,7,0,7,0,0
M04,Session1,0047,9.45,yet he still thinks as swiftly as ever.,"yeshu tozhintzhintzhen, sweetly and ever.",8,5,7,-2,4,3,0
M04,Session2,0187,7.86,Why yell or worry over silly items?,Why are we all going for the item?,7,8,7,1,6,0,1
M05,Session2,0087,12.225,Are your grades higher or lower than Nancy's?,Are you great?I love them.Nancy.,8,7,7,0,6,1,0
F01,Session1,0126,6.24081,"he dresses himself in an ancient black frock coat,",He grishes himself in a drinking water bottle.,9,3,6,-3,5,1,0
M01,Session2_3,0129,7.86125,The train approached the depot slowly.,then drain a product.,6,6,6,0,4,2,0
M01,Session2_3,0165,15.70813,It also provides for funds to clear slums and help colleges build dormitories.,It also provides for fun to create young and old colleges.,13,6,6,0,4,2,0
M01,Session2_3,0185,6.10475,The misguided souls have lost their way.,Amigae did not have a lighter weight.,7,10,6,4,6,0,0
M02,Session1,0034,12.92381,giving those who observe him a pronounced feeling of the utmost respect.,giving those who are saving a financial length of God most respect.,12,6,6,0,6,0,0
M02,Session1,0055,9.53406,She had your dark suit in greasy wash water all year.,She had the adoption in Grisha's father all year.,11,6,6,0,4,2,0
M02,Session1,0106,8.13719,Don't ask me to carry an oily rag like that.,Don't ask me to carry on. I'll see you next week.,10,6,6,0,5,0,1
M02,Session1,0115,13.69288,"Except in the winter when the ooze or snow or ice prevents,",Accept the window when the roots of snow or ice prevent.,12,8,6,2,5,1,0
M02,Session1,0198,6.89056,Nothing is as offensive as innocence.,Nothing has been to be finished since.,6,7,6,1,5,0,1
M02,Session1,0222,8.23287,One validated acts of school districts.,One validate that I was a school district.,6,9,6,3,4,0,2
M04,Session1,0020,9.45,"Well, he is nearly ninety-three years old;","Well, it is nice. My name is Rick.",8,5,6,-1,6,0,0
M04,Session1,0099,15.6,"We have often urged him to walk more and smoke less,",We have added herbs in to water more and more blood.,11,6,6,0,6,0,0
M04,Session2,0242,9.22,I looked up and noticed two old men.,I looked up and I didn't know it too often.,8,7,6,1,4,0,2
M04,Session2,0274,10.205,The islands are sparsely populated.,the island I'm but lean but popularly,5,4,6,-2,4,0,2
M05,Session2,0055,9.06006,Why yell or worry over silly items?,Why are we always here to think?,7,6,6,0,6,0,0
M05,Session2,0082,7.225,Their house is grey and white.,The health is great in the world.,6,6,6,0,5,0,1
M05,Session2,0321,9.635,Beg that guard for one gallon of gas.,Make that good for one guy in a dress.,8,6,6,0,5,0,1
F01,Session1,0014,6.56244,he slowly takes a short walk in the open air each day.,He slowly kicks a slight walk in the open area again.,12,5,5,0,4,1,0
F01,Session1,0132,9.16313,"When he speaks, his voice is just a bit cracked and quivers a trifle.","When he speaks, his voice is just a bit cracked and he moves just a bit careful.",14,5,5,0,2,0,3
F03,Session1,0095,6.41875,"When he speaks, his voice is just a bit cracked and quivers a trifle.","When he speaks, his voice is just a bit cracked, and it pervers on the truffle.",14,4,5,-1,3,0,2
F03,Session2,0029,8.09,"Everything went real smooth, the sheriff said.",Everything that reels with the shirt starts.,7,5,5,0,5,0,0
M01,Session2_3,0043,7.49619,Both figures would go higher in later years.,Boys bigger with coal iron in later years.,8,4,5,-1,5,0,0
M01,Session2_3,0066,11.749,Two other cases also were under advisement.,"to other kids, or lower, under an advisement.",7,4,5,-1,4,0,1
M01,Session2_3,0113,7.68406,Nothing is as offensive as innocence.,Mazing is as a vendor for you.,6,1,5,-4,4,0,1
M01,Session2_3,0117,6.81775,Bright sunshine shimmers on the ocean.,"bride and rain, shimmer and ocean.",6,5,5,0,5,0,0
M01,Session2_3,0167,6.23487,Alimony harms a divorced man's wealth.,Elimony are a department world.,6,8,5,3,4,1,0
M01,Session2_3,0191,12.89506,Nothing has been done yet to take advantage of the enabling legislation.,Nothing has been done yet to take advantage of the inability of the two eating.,12,5,5,0,2,0,3
M01,Session2_3,0206,9.66313,"When all else fails, use force.",windout always builds huge force.,6,5,5,0,4,1,0
M01,Session2_3,0235,7.25894,The museum hires musicians every evening.,"The beauty of art, beauty in every evening.",6,7,5,2,3,0,2
M01,Session2_3,0278,6.50769,Both injuries were to the same leg.,go with injuries or do the same thing.,7,3,5,-2,4,0,1
M02,Session1,0062,14.08981,"When he speaks, his voice is just a bit cracked and quivers a trifle.","When he speaks, his voice is just a bit crying and the crib is like trifle.",14,6,5,1,3,0,2
M02,Session1,0127,6.70613,Both figures would go higher in later years.,Boss figures were gone for later years.,8,4,5,-1,4,1,0
M02,Session1,0226,7.76931,Mother sews yellow gingham aprons.,"mothers, yellow, king and prince.",5,4,5,-1,5,0,0
M02,Session1,0238,6.46713,The train approached the depot slowly.,The train of arms can do both slowly.,6,5,5,0,3,0,2
M04,Session1,0064,10.65,he slowly takes a short walk in the open air each day.,He slowly did a good work in the open air.,12,5,5,0,3,2,0
M04,Session2,0158,10.83,I just try to do my best.,I did try to be the doom of my best.,7,5,5,0,2,0,3
M04,Session2,0220,9.82,Jane may earn more money by working hard.,"Jane may earn more money, but he will get hurt.",8,6,5,1,3,0,2
M04,Session2,0246,10.465,Nothing is as offensive as innocence.,nothing and nothing and nothing and,6,159,5,154,5,0,0
M04,Session2,0255,9.39,You're used to being on the field.,You do beans on the other field.,7,4,5,-1,3,1,1
M05,Session2,0176,11.805,Alimony harms a divorced man's wealth.,Alimony forms in the world's men's wealth.,6,3,5,-2,4,0,1
M05,Session2,0291,10.64,The wait for work can be very do it again,The wait for weeks can be a really good game.,10,5,5,0,5,0,0
F03,Session3,0153,7.045,He further proposed grants of an unspecified sum for experimental hospitals.,He provides a proposed grant of an unspecified sum for experimental hospital.,11,2,4,-2,3,0,1
M01,Session2_3,0125,6.02894,My sister made the flowered curtains.,"my little baby, the flower curtain.",6,4,4,0,4,0,0
M01,Session2_3,0132,7.152,They carried me off on the stretcher.,"They carried me up and under, stretching.",7,4,4,0,4,0,0
M01,Session2_3,0146,6.81319,"Everything went real smooth, the sheriff said.","Everything went real smooth, the air of the end.",7,4,4,0,2,0,2
M01,Session2_3,0188,9.84269,Aluminum silverware can often be flimsy.,Aluminum everywhere can also be f fanny.,6,3,4,-1,3,0,1
M01,Session2_3,0202,7.29631,This is a period of transition for me.,Did it a barrier of transient for me?,8,4,4,0,4,0,0
M02,Session1,0020,7.99069,Grandfather likes to be modern in his language.,God causes us to be smarter in his language.,8,5,4,1,3,0,1
M02,Session1,0023,8.0395,"Well, he is nearly ninety-three years old;",Malfie is nearly 93 years old.,8,2,4,-2,2,2,0
M02,Session1,0118,8.13712,"but he always answers, ""Banana oil!""",banana oil,6,4,4,0,0,4,0
M02,Session1,0135,7.46375,Why yell or worry over silly items?,Wires have a worry of silly items.,7,3,4,-1,4,0,0
M04,Session1,0040,13.35,Grandfather likes to be modern in his language.,My grandmother likes to be my way in his language.,8,5,4,1,2,0,2
M04,Session1,0077,6.75,"but he always answers, ""Banana oil!""",banana oil,6,5,4,1,0,4,0
M04,Session1,0106,7.2,usually minus several buttons;,set the whole button.,4,81,4,77,4,0,0
M04,Session2,0098,8.355,"Well, he is nearly ninety-three years old;",He is really 93 years old.,8,4,4,0,2,2,0
M04,Session2,0147,12.07506,Two other cases also were under advisement.,Two other kids were under a bedament.,7,8,4,4,2,1,1
M04,Session2,0253,6.1,This was easy for us.,"good way, easy path",5,5,4,1,3,1,0
M04,Session2,0283,7.52506,It was a good win for us.,It was a good thing to win for a month.,7,4,4,0,1,0,3
M05,Session2,0145,17.36006,He further proposed grants of an unspecified sum for experimental hospitals.,He fully proposed drawings of an unexpected sum of experimental hospitals.,11,4,4,0,4,0,0
F03,Session1,0025,10.15881,Twice each day he plays skillfully and with zest upon our small organ.,Twice each day he plays skillfully and was set upon a small organ.,13,1,3,-2,3,0,0
F03,Session3,0047,7.4,It also provides for funds to clear slums and help colleges build dormitories.,It also provides funds to kill slums and help colleges about dormitories.,13,3,3,0,2,1,0
M01,Session2_3,0042,8.73387,The islands are sparsely populated.,The islands are far too popular.,5,5,3,2,2,0,1
M01,Session2_3,0056,7.00425,Are your grades higher or lower than Nancy's?,are your great ire or lower than empty.,8,3,3,0,3,0,0
M01,Session2_3,0174,6.60288,The dolphins swam around our boat.,they don't swim around our boat.,6,3,3,0,3,0,0
M01,Session2_3,0205,7.52481,"If you are losing water, replace it immediately.",If you are doing water replacement immediately.,8,5,3,2,2,1,0
M02,Session1,0071,8.58906,"We have often urged him to walk more and smoke less,",We have often had time to walk more and smoke glass.,11,5,3,2,3,0,0
M02,Session1,0098,9.20344,"A long, flowing beard clings to his chin,",a long-following spirit clings to its chin.,8,7,3,4,3,0,0
M02,Session1,0117,8.67025,The quick brown fox jumps over the lazy dog.,The group's round fox turns over the lazy dog.,9,2,3,-1,3,0,0
M02,Session1,0121,6.42556,You wished to know all about my grandfather.,"She wished to know all of them, my grandfather.",8,3,3,0,2,0,1
M02,Session1,0150,7.46375,Are your grades higher or lower than Nancy's?,Fire grades higher or lower than Nazis.,8,1,3,-2,2,1,0
M02,Session1,0183,6.56,Bright sunshine shimmers on the ocean.,"Pright, center, and shimmers on the ocean.",6,5,3,2,2,0,1
M04,Session2,0077,11.88,You wished to know all about my grandfather.,You want to know all about my good grandpa.,8,3,3,0,2,0,1
M04,Session2,0155,8.105,I was conscious all the time.,all the time.,6,3,3,0,0,3,0
M04,Session2,0157,6.835,She is thinner than I am.,to you would thinner than I am,6,4,3,1,2,0,1
M05,Session2,0138,10.57,You'd be better off taking a cold shower.,You be ready of taking a cold shower.,8,3,3,0,3,0,0
M05,Session2,0305,12.47638,He really crucified him; he nailed it for a yard loss.,He really crucified himself. He made it for a yard.,11,3,3,0,2,1,0
M05,Session2,0370,6.93,Each one volunteered to jump first.,Echo will volunteer to jump first.,6,4,3,1,3,0,0
F03,Session1,0024,9.97325,Twice each day he plays skillfully and with zest upon our little organ.,Toys each day he plays skillfully and with thus upon our little organ,13,2,2,0,2,0,0
F03,Session2,0007,9.255,"If you destroy confidence in banks, you do something to the economy, he said.","If you destroy confidence in banks, you do something to the economy.",14,2,2,0,0,2,0
F04,Session1,0091,7.05,"Except in the winter when the ooze or snow or ice prevents,",Except in the winter when they oase or snow or ice prevents.,12,1,2,-1,2,0,0
M01,Session2_3,0045,7.42131,One validated acts of school districts.,one validated act of school district.,6,2,2,0,2,0,0
M01,Session2_3,0095,6.53525,I scrubbed the floors thoroughly.,I scrub the floor thoroughly.,5,2,2,0,2,0,0
M01,Session2_3,0121,6.66706,All the big baseball players get traded.,All the big baseball players can train.,7,2,2,0,2,0,0
M02,Session1,0232,6.66575,Jane may earn more money by working hard.,chains may have more money by working hard.,8,3,2,1,2,0,0
M04,Session2,0093,9.315,"but he always answers, ""Banana oil!""",But he always ended the banana oil.,6,2,2,0,1,0,1
M05,Session2,0008,8.93,I feel I can play this weekend.,"I can, I feel I can play this weekend.",7,2,2,0,0,0,2
M05,Session2,0056,9.215,Why yell or worry over silly items?,Why yell away over silly items?,7,2,2,0,1,1,0
M05,Session2,0088,9.2,I scrubbed the floors thoroughly.,I scrub the floor thoroughly.,5,3,2,1,2,0,0
M05,Session2,0131,9.54,All the big baseball players get traded.,All the big basketbob players were traded.,7,4,2,2,2,0,0
M05,Session2,0155,9.58,The museum hires musicians every evening.,A sound museum hires musicians every evening.,6,1,2,-1,1,0,1
M05,Session2,0197,7.585,There is a treehouse up above.,Is there a treehouse up above?,6,1,2,-1,2,0,0
M05,Session2,0207,7.695,The books are very expensive.,The books were really expensive.,5,2,2,0,2,0,0
M05,Session2,0276,8.62506,Some hotels are available nearby.,Samcho towers are available nearby.,5,2,2,0,2,0,0
M05,Session2,0282,11.42006,Those musicians harmonize marvelously.,Those musicians homry night marvelously.,4,5,2,3,1,0,1
M05,Session2,0320,6.1,We bought a brown chair.,He brought a brown chair.,5,2,2,0,2,0,0
F03,Session1,0070,10.80025,giving those who observe him a pronounced feeling of the utmost respect.,giving those who observe him pronounced feeling of the utmost respect.,12,1,1,0,0,1,0
F03,Session2,0020,6.66506,The islands are sparsely populated.,The islands are spiritually populated.,5,1,1,0,1,0,0
F03,Session2,0037,6.775,Both figures would go higher in later years.,Both figures will go higher in later years.,8,0,1,-1,1,0,0
F03,Session2,0054,9.92506,Mother sews yellow,Mother sells yellow...,3,1,1,0,1,0,0
F03,Session2,0063,6.32,Day after day some new episode is reported.,Day after day is some new episode is reported.,8,2,1,1,0,0,1
F03,Session3,0209,7.05,He further proposed grants of an unspecified sum for experimental hospitals.,He further proposed grants of an unspecified thumb for experimental hospitals.,11,1,1,0,1,0,0
M01,Session2_3,0013,7.86256,The quick brown fox jumps over the lazy dog.,Take quick brown fox jumps over the lazy dog.,9,2,1,1,1,0,0
M01,Session2_3,0109,8.04194,You'd be better off taking a cold shower.,youth be better off taking a cold shower.,8,1,1,0,1,0,0
M01,Session2_3,0127,6.26537,Why yell or worry over silly items?,Why yell or worry of silly items?,7,4,1,3,1,0,0
M01,Session2_3,0179,8.63213,It eventually became a rather proud claim.,It eventually became a rather proud thing.,7,1,1,0,1,0,0
M01,Session2_3,0240,6.35369,The job provides many benefits.,"The job provides money, benefits,",5,1,1,0,1,0,0
M02,Session1,0044,10.12019,"he dresses himself in an ancient black frock coat,",He dresses himself in an ancient black rock coat.,9,1,1,0,1,0,0
M02,Session1,0066,7.60469,yet he still thinks as swiftly as ever.,Yet he still thinks that swiftly as ever.,8,2,1,1,1,0,0
M02,Session1,0080,9.82425,he slowly takes a short walk in the open air each day.,She slowly takes a short walk in the open air each day.,12,1,1,0,1,0,0
M02,Session1,0130,6.28525,I tried to tell people in the community.,I try to tell people in the community,8,1,1,0,1,0,0
M02,Session1,0168,12.586,"If you destroy confidence in banks, you do something to the economy, he said.","If you destroy confidence in things, you do something to the economy,"" he said.",14,1,1,0,1,0,0
M03,Session2,0101,6.20506,"When he speaks, his voice is just a bit cracked and quivers a trifle.","When he speaks, his voice is just a bit crackled and quivers a trifle.",14,1,1,0,1,0,0
M03,Session2,0244,6.47,"If you destroy confidence in banks, you do something to the economy, he said.","If you destroy confidence in banks, you do something in the economy, he said.",14,1,1,0,1,0,0
M04,Session2,0185,6.17,briar,buh,1,80,1,79,1,0,0
M04,Session2,0295,6.235,There is a treehouse up above.,There is a drill up above.,6,1,1,0,1,0,0
M05,Session2,0027,11.495,One validated acts of school districts.,One validated act of school districts.,6,2,1,1,1,0,0
M05,Session2,0028,7.19506,You're used to being on the field.,You're used to reading on the field.,7,0,1,-1,1,0,0
M05,Session2,0102,10.9,"Everything went real smooth, the sheriff said.","Everything went really smooth, the sheriff said.",7,2,1,1,1,0,0
M05,Session2,0122,6.27,Just one side got wet.,Just one child got wet.,5,1,1,0,1,0,0
M05,Session2,0152,8.1,The box contained three sweaters.,The box contains three sweaters.,5,0,1,-1,1,0,0
M05,Session2,0213,7.365,I have had my bell rung.,I have had my bed rung.,6,1,1,0,1,0,0
M05,Session2,0239,11.515,The dolphins swam around our boat.,The dolphins slam around our boat.,6,1,1,0,1,0,0
M05,Session2,0275,7.605,Did dad do academic bidding?,Did dad do academic building?,5,2,1,1,1,0,0
M05,Session2,0368,9.66,Get a calico cat to keep.,get a galico cat to keep.,6,0,1,-1,1,0,0
F03,Session1,0028,8.90638,"We have often urged him to walk more and smoke less,",We have often urged him to walk more and smoke less.,11,0,0,0,0,0,0
F03,Session1,0030,8.25694,Except in the winter when the ozone or snow or ice prevents.,except in the winter when the ozone or snow or ice prevents.,12,0,0,0,0,0,0
F03,Session1,0031,8.11775,"Except in the winter when the ooze or snow or ice prevents,",except in the winter when the ooze or snow or ice prevents.,12,0,0,0,0,0,0
F03,Session1,0072,7.42344,he slowly takes a short walk in the open air each day.,He slowly takes a short walk in the open air each day.,12,0,0,0,0,0,0
F03,Session2,0006,14.11006,"If you destroy confidence in banks, you do something to the economy, he said.","If you destroy confidence in banks, you do something to the economy,"" he said.",14,0,0,0,0,0,0
F03,Session2,0021,6.135,Bright sunshine shimmers on the ocean.,Bright sunshine shimmers on the ocean.,6,0,0,0,0,0,0
F03,Session2,0088,7.355,part,part,1,0,0,0,0,0,0
F03,Session2,0098,6.12,The museum hires musicians every evening.,The museum hires musicians every evening.,6,0,0,0,0,0,0
F03,Session2,0101,10.225,Alimony harms a divorced man's wealth.,Alimony harms a divorced man's wealth.,6,0,0,0,0,0,0
F03,Session2,0118,7.665,Nothing has been done yet to take advantage of the enabling legislation.,Nothing has been done yet to take advantage of the enabling legislation.,12,0,0,0,0,0,0
F03,Session2,0133,9.59,It eventually became a rather proud claim.,It eventually became a rather proud claim.,7,1,0,1,0,0,0
F03,Session3,0038,6.82506,Some hotels are available nearby.,Some hotels are available nearby.,5,0,0,0,0,0,0
F04,Session1,0063,6.3,giving those who observe him a pronounced feeling of the utmost respect.,giving those who observe him a pronounced feeling of the utmost respect.,12,0,0,0,0,0,0
F04,Session1,0067,7.05,Twice each day he plays skillfully and with zest upon our small organ.,Twice each day he plays skillfully and with zest upon our small organ.,13,0,0,0,0,0,0
F04,Session1,0092,6.15,"Except in the winter when the ooze or snow or ice prevents,",Except in the winter when the ooze or snow or ice prevents.,12,0,0,0,0,0,0
F04,Session1,0100,6.3,"When he speaks, his voice is just a bit cracked and quivers a trifle.","When he speaks, his voice is just a bit cracked and quivers a trifle.",14,0,0,0,0,0,0
F04,Session1,0120,6.75,"A long, flowing beard clings to his chin,",A long flowing beard clings to his chin.,8,0,0,0,0,0,0
F04,Session1,0159,7.65,"If you destroy confidence in banks, you do something to the economy, he said.","If you destroy confidence in banks, you do something to the economy, he said.",14,0,0,0,0,0,0
F04,Session1,0184,7.05,Two other cases also were under advisement.,Two other cases also were under advisement.,7,0,0,0,0,0,0
F04,Session2,0143,7.4,This is not a program of socialized medicine.,This is not a program of socialized medicine.,8,0,0,0,0,0,0
M01,Session2_3,0084,7.45181,Jane may earn more money by working hard.,Jane may earn more money by working hard.,8,0,0,0,0,0,0
M02,Session1,0137,8.83863,"Everything went real smooth, the sheriff said.","Everything went real smooth,"" the sheriff said.",7,0,0,0,0,0,0
M02,Session1,0152,7.2465,You'd be better off taking a cold shower.,You'd be better off taking a cold shower.,8,0,0,0,0,0,0
M02,Session1,0154,7.70419,The islands are sparsely populated.,The islands are sparsely populated.,5,1,0,1,0,0,0
M02,Session1,0169,6.94137,All the big baseball players get traded.,All the big baseball players get traded.,7,7,0,7,0,0,0
M02,Session1,0172,6.50913,I can play this weekend.,I can play this weekend.,5,0,0,0,0,0,0
M02,Session1,0197,7.27194,Nothing is as offensive as ignorance,Nothing is as offensive as ignorance.,6,1,0,1,0,0,0
M03,Session2,0029,6.06,"Except in the winter when the ooze or snow or ice prevents,",Except in the winter when the ooze or snow or ice prevents.,12,0,0,0,0,0,0
M03,Session2,0096,6.005,Twice each day he plays skillfully and with zest upon our small organ.,Twice each day he plays skillfully and with zest upon our small organ.,13,0,0,0,0,0,0
M03,Session2,0245,6.185,"If you destroy confidence in banks, you do something to the economy, he said.","If you destroy confidence in banks, you do something to the economy, he said.",14,0,0,0,0,0,0
M03,Session2,0275,6.435,"Before Thursday's exam, review every formula.","Before Thursday's exam, review every formula.",6,0,0,0,0,0,0
M03,Session2,0344,6.63506,It also provides for funds to clear slums and help colleges build dormitories.,It also provides for funds to clear slums and help colleges build dormitories.,13,0,0,0,0,0,0
M05,Session2,0002,7.635,Where were you while we were away?,Where were you while we were away?,7,0,0,0,0,0,0
M05,Session2,0076,8.735,She is thinner than I am.,She is thinner than I am.,6,0,0,0,0,0,0
M05,Session2,0170,9.965,I expect we'll bounce back this week.,I expect we'll bounce back this week.,7,0,0,0,0,0,0
M05,Session2,0236,9.485,The misguided souls have lost their way.,The misguided souls have lost their way.,7,0,0,0,0,0,0
M05,Session2,0260,11.60006,This is not a program of socialized medicine.,This is not a program of socialized medicine.,8,0,0,0,0,0,0
M05,Session2,0365,11.625,It's fun to roast marshmallows on a gas burner.,It's fun to roast marshmallows on a gas burner.,9,0,0,0,0,0,0
