fold,method,role,condition,speaker,target,pearson_r,valid_utterances,frames
0,scratch,validation,dysarthric,F03,li_x,-0.03527401515028534,371,34269
0,scratch,validation,dysarthric,F03,ul_x,0.11635584725404705,370,33754
0,scratch,validation,dysarthric,F03,ll_x,0.03998109080142487,343,31273
0,scratch,validation,dysarthric,F03,tt_x,0.4943249908675548,361,33567
0,scratch,validation,dysarthric,F03,tb_x,0.4135808416851689,368,33998
0,scratch,validation,dysarthric,F03,td_x,0.4362529859658537,371,34353
0,scratch,validation,dysarthric,F03,li_vertical,0.3185992948763784,371,34269
0,scratch,validation,dysarthric,F03,ul_vertical,0.12344244844059124,370,33754
0,scratch,validation,dysarthric,F03,ll_vertical,0.17943646293331114,343,31273
0,scratch,validation,dysarthric,F03,tt_vertical,0.3005839977070021,361,33567
0,scratch,validation,dysarthric,F03,tb_vertical,0.4209846542868078,368,33998
0,scratch,validation,dysarthric,F03,td_vertical,0.42486222541338553,371,34353
0,scratch,validation,control,FC02,li_x,0.4273696485423964,999,89859
0,scratch,validation,control,FC02,ul_x,0.24387459591594923,999,89859
0,scratch,validation,control,FC02,ll_x,0.33723441054985676,999,89859
0,scratch,validation,control,FC02,tt_x,0.5251361427321924,920,83304
0,scratch,validation,control,FC02,tb_x,0.5253764642528654,945,84138
0,scratch,validation,control,FC02,td_x,0.4579945711722666,977,87355
0,scratch,validation,control,FC02,li_vertical,0.5314746514074635,999,89859
0,scratch,validation,control,FC02,ul_vertical,0.01753678350750175,999,89859
0,scratch,validation,control,FC02,ll_vertical,0.4909844937856388,999,89859
0,scratch,validation,control,FC02,tt_vertical,0.3371711483453261,920,83304
0,scratch,validation,control,FC02,tb_vertical,0.5491646973903507,945,84138
0,scratch,validation,control,FC02,td_vertical,0.4281853185497123,977,87355
0,scratch,validation,dysarthric,M02,li_x,-0.1347849197723755,88,10449
0,scratch,validation,dysarthric,M02,ul_x,0.060819026086481015,97,12187
0,scratch,validation,dysarthric,M02,ll_x,0.05694027993235088,84,9765
0,scratch,validation,dysarthric,M02,tt_x,0.22443450991233585,91,10821
0,scratch,validation,dysarthric,M02,tb_x,0.10665284914409456,95,11935
0,scratch,validation,dysarthric,M02,td_x,nan,0,0
0,scratch,validation,dysarthric,M02,li_vertical,0.22024942032502492,88,10449
0,scratch,validation,dysarthric,M02,ul_vertical,-0.014184372192926151,97,12187
0,scratch,validation,dysarthric,M02,ll_vertical,0.2803997057742316,84,9765
0,scratch,validation,dysarthric,M02,tt_vertical,0.3455539325013283,91,10821
0,scratch,validation,dysarthric,M02,tb_vertical,0.26985966842569215,95,11935
0,scratch,validation,dysarthric,M02,td_vertical,nan,0,0
0,scratch,validation,control,MC02,li_x,-0.13430539830908927,462,52945
0,scratch,validation,control,MC02,ul_x,0.3218877272313803,462,52945
0,scratch,validation,control,MC02,ll_x,0.0936868077222828,462,52945
0,scratch,validation,control,MC02,tt_x,0.45573138000063057,459,52492
0,scratch,validation,control,MC02,tb_x,0.3830478799136542,449,51299
0,scratch,validation,control,MC02,td_x,0.36163479629408407,457,52269
0,scratch,validation,control,MC02,li_vertical,0.5441925039186056,462,52945
0,scratch,validation,control,MC02,ul_vertical,0.2476432806541536,462,52945
0,scratch,validation,control,MC02,ll_vertical,0.5059505326544691,462,52945
0,scratch,validation,control,MC02,tt_vertical,0.44959778818920565,459,52492
0,scratch,validation,control,MC02,tb_vertical,0.3608366029724171,449,51299
0,scratch,validation,control,MC02,td_vertical,0.2001078252669862,457,52269
0,scratch,test,control,FC01,li_x,0.17546339667255104,164,20900
0,scratch,test,control,FC01,ul_x,0.19108167733625664,164,20900
0,scratch,test,control,FC01,ll_x,0.1347479698241085,164,20900
0,scratch,test,control,FC01,tt_x,0.34254617593131065,164,20900
0,scratch,test,control,FC01,tb_x,0.329137022984909,164,20900
0,scratch,test,control,FC01,td_x,0.44103643497280304,164,20900
0,scratch,test,control,FC01,li_vertical,0.55789796244773,164,20900
0,scratch,test,control,FC01,ul_vertical,0.0050524970048323615,164,20900
0,scratch,test,control,FC01,ll_vertical,0.421239634342742,164,20900
0,scratch,test,control,FC01,tt_vertical,0.4608860068639413,164,20900
0,scratch,test,control,FC01,tb_vertical,0.19317910875462035,164,20900
0,scratch,test,control,FC01,td_vertical,-0.012011042581070887,164,20900
0,scratch,test,dysarthric,M01,li_x,-0.2328719704969269,89,14809
0,scratch,test,dysarthric,M01,ul_x,-0.02460536662087216,70,11387
0,scratch,test,dysarthric,M01,ll_x,0.042657512015312926,80,12875
0,scratch,test,dysarthric,M01,tt_x,0.012194109419058203,81,12971
0,scratch,test,dysarthric,M01,tb_x,0.027801087144469137,58,10005
0,scratch,test,dysarthric,M01,td_x,0.015962685801398216,78,12945
0,scratch,test,dysarthric,M01,li_vertical,0.37543820404358147,89,14809
0,scratch,test,dysarthric,M01,ul_vertical,-0.06727856021102556,70,11387
0,scratch,test,dysarthric,M01,ll_vertical,0.28237591033601417,80,12875
0,scratch,test,dysarthric,M01,tt_vertical,-0.08015205832584948,81,12971
0,scratch,test,dysarthric,M01,tb_vertical,0.0027713867644787,58,10005
0,scratch,test,dysarthric,M01,td_vertical,0.050223408158114005,78,12945
0,scratch,test,control,MC01,li_x,0.0752372265713667,496,57100
0,scratch,test,control,MC01,ul_x,0.2529999650615511,496,57100
0,scratch,test,control,MC01,ll_x,0.15958825454750492,488,56105
0,scratch,test,control,MC01,tt_x,0.25079425179049575,472,53724
0,scratch,test,control,MC01,tb_x,0.32138131741259535,494,56883
0,scratch,test,control,MC01,td_x,0.34007558912177904,490,56477
0,scratch,test,control,MC01,li_vertical,0.4748500876869585,496,57100
0,scratch,test,control,MC01,ul_vertical,0.3058428389057209,496,57100
0,scratch,test,control,MC01,ll_vertical,0.3219700662573187,488,56105
0,scratch,test,control,MC01,tt_vertical,0.29922414026715727,472,53724
0,scratch,test,control,MC01,tb_vertical,0.5080361081941472,494,56883
0,scratch,test,control,MC01,td_vertical,0.3954817401478115,490,56477
0,mocha_pretrained,validation,dysarthric,F03,li_x,-0.040859997202399564,371,34269
0,mocha_pretrained,validation,dysarthric,F03,ul_x,0.12057829375772625,370,33754
0,mocha_pretrained,validation,dysarthric,F03,ll_x,0.03410254584191422,343,31273
0,mocha_pretrained,validation,dysarthric,F03,tt_x,0.4872769922232828,361,33567
0,mocha_pretrained,validation,dysarthric,F03,tb_x,0.401272068669927,368,33998
0,mocha_pretrained,validation,dysarthric,F03,td_x,0.42210305215276006,371,34353
0,mocha_pretrained,validation,dysarthric,F03,li_vertical,0.3620088960142846,371,34269
0,mocha_pretrained,validation,dysarthric,F03,ul_vertical,0.12839812485603685,370,33754
0,mocha_pretrained,validation,dysarthric,F03,ll_vertical,0.1961179901509465,343,31273
0,mocha_pretrained,validation,dysarthric,F03,tt_vertical,0.3376403010590857,361,33567
0,mocha_pretrained,validation,dysarthric,F03,tb_vertical,0.4480534505672355,368,33998
0,mocha_pretrained,validation,dysarthric,F03,td_vertical,0.4470475876996923,371,34353
0,mocha_pretrained,validation,control,FC02,li_x,0.4100086488708345,999,89859
0,mocha_pretrained,validation,control,FC02,ul_x,0.23131683917382262,999,89859
0,mocha_pretrained,validation,control,FC02,ll_x,0.3319536910552526,999,89859
0,mocha_pretrained,validation,control,FC02,tt_x,0.5328727113217859,920,83304
0,mocha_pretrained,validation,control,FC02,tb_x,0.5274342856590607,945,84138
0,mocha_pretrained,validation,control,FC02,td_x,0.4532623528940013,977,87355
0,mocha_pretrained,validation,control,FC02,li_vertical,0.5509194105799474,999,89859
0,mocha_pretrained,validation,control,FC02,ul_vertical,0.025923414397049767,999,89859
0,mocha_pretrained,validation,control,FC02,ll_vertical,0.5162777384660364,999,89859
0,mocha_pretrained,validation,control,FC02,tt_vertical,0.4498753754177269,920,83304
0,mocha_pretrained,validation,control,FC02,tb_vertical,0.5620441162032185,945,84138
0,mocha_pretrained,validation,control,FC02,td_vertical,0.45334585194853194,977,87355
0,mocha_pretrained,validation,dysarthric,M02,li_x,-0.17777074476841273,88,10449
0,mocha_pretrained,validation,dysarthric,M02,ul_x,0.13535824558961795,97,12187
0,mocha_pretrained,validation,dysarthric,M02,ll_x,0.039083436499977704,84,9765
0,mocha_pretrained,validation,dysarthric,M02,tt_x,0.20523674987231794,91,10821
0,mocha_pretrained,validation,dysarthric,M02,tb_x,0.10335789142876939,95,11935
0,mocha_pretrained,validation,dysarthric,M02,td_x,nan,0,0
0,mocha_pretrained,validation,dysarthric,M02,li_vertical,0.22242180479130783,88,10449
0,mocha_pretrained,validation,dysarthric,M02,ul_vertical,-0.017990775937467247,97,12187
0,mocha_pretrained,validation,dysarthric,M02,ll_vertical,0.294687732376393,84,9765
0,mocha_pretrained,validation,dysarthric,M02,tt_vertical,0.3438998104173984,91,10821
0,mocha_pretrained,validation,dysarthric,M02,tb_vertical,0.2807616300884709,95,11935
0,mocha_pretrained,validation,dysarthric,M02,td_vertical,nan,0,0
0,mocha_pretrained,validation,control,MC02,li_x,-0.13467330441648753,462,52945
0,mocha_pretrained,validation,control,MC02,ul_x,0.3245586942618463,462,52945
0,mocha_pretrained,validation,control,MC02,ll_x,0.05276302417362217,462,52945
0,mocha_pretrained,validation,control,MC02,tt_x,0.4523602830378372,459,52492
0,mocha_pretrained,validation,control,MC02,tb_x,0.3784407305406029,449,51299
0,mocha_pretrained,validation,control,MC02,td_x,0.3549119667067398,457,52269
0,mocha_pretrained,validation,control,MC02,li_vertical,0.5586350658844328,462,52945
0,mocha_pretrained,validation,control,MC02,ul_vertical,0.2645169000587711,462,52945
0,mocha_pretrained,validation,control,MC02,ll_vertical,0.5248589842658883,462,52945
0,mocha_pretrained,validation,control,MC02,tt_vertical,0.48196809844516036,459,52492
0,mocha_pretrained,validation,control,MC02,tb_vertical,0.35676407113895053,449,51299
0,mocha_pretrained,validation,control,MC02,td_vertical,0.21749591644421615,457,52269
0,mocha_pretrained,test,control,FC01,li_x,0.16802691751314508,164,20900
0,mocha_pretrained,test,control,FC01,ul_x,0.19184766658839877,164,20900
0,mocha_pretrained,test,control,FC01,ll_x,0.11988877831362198,164,20900
0,mocha_pretrained,test,control,FC01,tt_x,0.32244428175501255,164,20900
0,mocha_pretrained,test,control,FC01,tb_x,0.33880311493143883,164,20900
0,mocha_pretrained,test,control,FC01,td_x,0.44939412066677265,164,20900
0,mocha_pretrained,test,control,FC01,li_vertical,0.5590208443266906,164,20900
0,mocha_pretrained,test,control,FC01,ul_vertical,0.009027864753665276,164,20900
0,mocha_pretrained,test,control,FC01,ll_vertical,0.4396358547197676,164,20900
0,mocha_pretrained,test,control,FC01,tt_vertical,0.47110769658212753,164,20900
0,mocha_pretrained,test,control,FC01,tb_vertical,0.2343967018758713,164,20900
0,mocha_pretrained,test,control,FC01,td_vertical,0.06348912764189169,164,20900
0,mocha_pretrained,test,dysarthric,M01,li_x,-0.23464757855282573,89,14809
0,mocha_pretrained,test,dysarthric,M01,ul_x,-0.039241841338457484,70,11387
0,mocha_pretrained,test,dysarthric,M01,ll_x,-0.03779273366954512,80,12875
0,mocha_pretrained,test,dysarthric,M01,tt_x,-0.00039831351480546813,81,12971
0,mocha_pretrained,test,dysarthric,M01,tb_x,0.027826302222706354,58,10005
0,mocha_pretrained,test,dysarthric,M01,td_x,0.02583318289575225,78,12945
0,mocha_pretrained,test,dysarthric,M01,li_vertical,0.38061562532280735,89,14809
0,mocha_pretrained,test,dysarthric,M01,ul_vertical,-0.06147867620049084,70,11387
0,mocha_pretrained,test,dysarthric,M01,ll_vertical,0.2831352544610696,80,12875
0,mocha_pretrained,test,dysarthric,M01,tt_vertical,-0.07283851344746425,81,12971
0,mocha_pretrained,test,dysarthric,M01,tb_vertical,-0.004578730661077964,58,10005
0,mocha_pretrained,test,dysarthric,M01,td_vertical,0.050081940454590225,78,12945
0,mocha_pretrained,test,control,MC01,li_x,0.025465049328170945,496,57100
0,mocha_pretrained,test,control,MC01,ul_x,0.28329422390198555,496,57100
0,mocha_pretrained,test,control,MC01,ll_x,0.08964517566308736,488,56105
0,mocha_pretrained,test,control,MC01,tt_x,0.2587268661514045,472,53724
0,mocha_pretrained,test,control,MC01,tb_x,0.3331548530587453,494,56883
0,mocha_pretrained,test,control,MC01,td_x,0.3642585642267468,490,56477
0,mocha_pretrained,test,control,MC01,li_vertical,0.5029477497031105,496,57100
0,mocha_pretrained,test,control,MC01,ul_vertical,0.3542111646728013,496,57100
0,mocha_pretrained,test,control,MC01,ll_vertical,0.33753039687650005,488,56105
0,mocha_pretrained,test,control,MC01,tt_vertical,0.323045011854158,472,53724
0,mocha_pretrained,test,control,MC01,tb_vertical,0.5340787201282985,494,56883
0,mocha_pretrained,test,control,MC01,td_vertical,0.39518987113527826,490,56477
1,scratch,validation,dysarthric,F04,li_x,-0.21171855668596892,250,29539
1,scratch,validation,dysarthric,F04,ul_x,0.25732376302575305,247,28918
1,scratch,validation,dysarthric,F04,ll_x,-0.22379793938608028,244,28849
1,scratch,validation,dysarthric,F04,tt_x,0.18257558878809016,238,27572
1,scratch,validation,dysarthric,F04,tb_x,0.20198291943496355,231,26390
1,scratch,validation,dysarthric,F04,td_x,0.24845841767506682,239,27947
1,scratch,validation,dysarthric,F04,li_vertical,0.4343540142667472,250,29539
1,scratch,validation,dysarthric,F04,ul_vertical,0.09237984252015534,247,28918
1,scratch,validation,dysarthric,F04,ll_vertical,0.4499249344560773,244,28849
1,scratch,validation,dysarthric,F04,tt_vertical,0.36302986721705416,238,27572
1,scratch,validation,dysarthric,F04,tb_vertical,0.27931907490724983,231,26390
1,scratch,validation,dysarthric,F04,td_vertical,0.24747324166032536,239,27947
1,scratch,validation,control,FC03,li_x,0.3087323613092976,795,72732
1,scratch,validation,control,FC03,ul_x,0.18977550883064787,794,72564
1,scratch,validation,control,FC03,ll_x,0.33362263181433244,794,72564
1,scratch,validation,control,FC03,tt_x,0.3235992222697251,786,71222
1,scratch,validation,control,FC03,tb_x,0.36015355521567693,794,72564
1,scratch,validation,control,FC03,td_x,0.4292240053728814,782,71088
1,scratch,validation,control,FC03,li_vertical,0.3070166282230444,795,72732
1,scratch,validation,control,FC03,ul_vertical,0.029053451909097028,794,72564
1,scratch,validation,control,FC03,ll_vertical,0.37562242654917666,794,72564
1,scratch,validation,control,FC03,tt_vertical,0.30627546013472984,786,71222
1,scratch,validation,control,FC03,tb_vertical,0.28995299890029236,794,72564
1,scratch,validation,control,FC03,td_vertical,0.16389066635092372,782,71088
1,scratch,validation,dysarthric,M03,li_x,0.21469546243641355,420,45227
1,scratch,validation,dysarthric,M03,ul_x,0.3399983772394191,421,46666
1,scratch,validation,dysarthric,M03,ll_x,0.2996735741067328,419,43833
1,scratch,validation,dysarthric,M03,tt_x,0.5236226706088303,420,45227
1,scratch,validation,dysarthric,M03,tb_x,0.41402364681572057,421,46666
1,scratch,validation,dysarthric,M03,td_x,0.45485962161565086,418,45039
1,scratch,validation,dysarthric,M03,li_vertical,0.5067550239105864,420,45227
1,scratch,validation,dysarthric,M03,ul_vertical,0.3909075927034915,421,46666
1,scratch,validation,dysarthric,M03,ll_vertical,0.37066467148277576,419,43833
1,scratch,validation,dysarthric,M03,tt_vertical,0.4240800751339521,420,45227
1,scratch,validation,dysarthric,M03,tb_vertical,0.5355248018298497,421,46666
1,scratch,validation,dysarthric,M03,td_vertical,0.43468071219616666,418,45039
1,scratch,validation,control,MC03,li_x,-0.20899431024929138,600,44417
1,scratch,validation,control,MC03,ul_x,0.21277322485751052,600,44417
1,scratch,validation,control,MC03,ll_x,0.3153079783378336,600,44417
1,scratch,validation,control,MC03,tt_x,0.32415626616012233,600,44417
1,scratch,validation,control,MC03,tb_x,0.4134491663280153,600,44417
1,scratch,validation,control,MC03,td_x,0.4563664476230149,600,44417
1,scratch,validation,control,MC03,li_vertical,0.48842777610961696,600,44417
1,scratch,validation,control,MC03,ul_vertical,0.046870654091360084,600,44417
1,scratch,validation,control,MC03,ll_vertical,0.3904614778535638,600,44417
1,scratch,validation,control,MC03,tt_vertical,0.242723442535149,600,44417
1,scratch,validation,control,MC03,tb_vertical,0.3728835635522077,600,44417
1,scratch,validation,control,MC03,td_vertical,0.24674661761189165,600,44417
1,scratch,test,dysarthric,F03,li_x,0.03399418695890517,371,34269
1,scratch,test,dysarthric,F03,ul_x,0.07183966211935867,370,33754
1,scratch,test,dysarthric,F03,ll_x,0.07518233485714984,343,31273
1,scratch,test,dysarthric,F03,tt_x,0.30009640795260634,361,33567
1,scratch,test,dysarthric,F03,tb_x,0.21800630755005432,368,33998
1,scratch,test,dysarthric,F03,td_x,0.26803952098007816,371,34353
1,scratch,test,dysarthric,F03,li_vertical,0.22666204901020148,371,34269
1,scratch,test,dysarthric,F03,ul_vertical,0.16028206866107986,370,33754
1,scratch,test,dysarthric,F03,ll_vertical,0.15939553942809107,343,31273
1,scratch,test,dysarthric,F03,tt_vertical,0.20334921614936782,361,33567
1,scratch,test,dysarthric,F03,tb_vertical,0.35424904056546413,368,33998
1,scratch,test,dysarthric,F03,td_vertical,0.23115723710778532,371,34353
1,scratch,test,control,FC02,li_x,0.3957202482497671,999,89859
1,scratch,test,control,FC02,ul_x,0.16097021006076612,999,89859
1,scratch,test,control,FC02,ll_x,0.36259642985684765,999,89859
1,scratch,test,control,FC02,tt_x,0.351663582709584,920,83304
1,scratch,test,control,FC02,tb_x,0.37366125411575984,945,84138
1,scratch,test,control,FC02,td_x,0.3574173166775994,977,87355
1,scratch,test,control,FC02,li_vertical,0.4711640268827309,999,89859
1,scratch,test,control,FC02,ul_vertical,0.16971238008626563,999,89859
1,scratch,test,control,FC02,ll_vertical,0.4319492026313927,999,89859
1,scratch,test,control,FC02,tt_vertical,0.2618521355087996,920,83304
1,scratch,test,control,FC02,tb_vertical,0.4059660019287077,945,84138
1,scratch,test,control,FC02,td_vertical,0.3454783698871654,977,87355
1,scratch,test,dysarthric,M02,li_x,0.011300029433487823,88,10449
1,scratch,test,dysarthric,M02,ul_x,0.21514124054052625,97,12187
1,scratch,test,dysarthric,M02,ll_x,0.16970456089963948,84,9765
1,scratch,test,dysarthric,M02,tt_x,0.25114867501027077,91,10821
1,scratch,test,dysarthric,M02,tb_x,0.028158685564342555,95,11935
1,scratch,test,dysarthric,M02,td_x,nan,0,0
1,scratch,test,dysarthric,M02,li_vertical,0.13526022586293843,88,10449
1,scratch,test,dysarthric,M02,ul_vertical,-0.07344920114540865,97,12187
1,scratch,test,dysarthric,M02,ll_vertical,0.30114967685219146,84,9765
1,scratch,test,dysarthric,M02,tt_vertical,0.289132833817538,91,10821
1,scratch,test,dysarthric,M02,tb_vertical,0.25252975512942355,95,11935
1,scratch,test,dysarthric,M02,td_vertical,nan,0,0
1,scratch,test,control,MC02,li_x,0.12914286918661477,462,52945
1,scratch,test,control,MC02,ul_x,0.23468742711794685,462,52945
1,scratch,test,control,MC02,ll_x,0.2578736269779551,462,52945
1,scratch,test,control,MC02,tt_x,0.3413075259309918,459,52492
1,scratch,test,control,MC02,tb_x,0.2904752231714871,449,51299
1,scratch,test,control,MC02,td_x,0.3259723373958224,457,52269
1,scratch,test,control,MC02,li_vertical,0.5089245165055312,462,52945
1,scratch,test,control,MC02,ul_vertical,0.2502217223931677,462,52945
1,scratch,test,control,MC02,ll_vertical,0.43575710075340607,462,52945
1,scratch,test,control,MC02,tt_vertical,0.32251217199486454,459,52492
1,scratch,test,control,MC02,tb_vertical,0.37438394878606734,449,51299
1,scratch,test,control,MC02,td_vertical,0.22858346708715627,457,52269
1,mocha_pretrained,validation,dysarthric,F04,li_x,-0.23647439381430327,250,29539
1,mocha_pretrained,validation,dysarthric,F04,ul_x,0.22737983839065093,247,28918
1,mocha_pretrained,validation,dysarthric,F04,ll_x,-0.23097934872907733,244,28849
1,mocha_pretrained,validation,dysarthric,F04,tt_x,0.2528871848501116,238,27572
1,mocha_pretrained,validation,dysarthric,F04,tb_x,0.27845258808065043,231,26390
1,mocha_pretrained,validation,dysarthric,F04,td_x,0.24850216048937213,239,27947
1,mocha_pretrained,validation,dysarthric,F04,li_vertical,0.4651398711631212,250,29539
1,mocha_pretrained,validation,dysarthric,F04,ul_vertical,0.1308335119202287,247,28918
1,mocha_pretrained,validation,dysarthric,F04,ll_vertical,0.4615049905767668,244,28849
1,mocha_pretrained,validation,dysarthric,F04,tt_vertical,0.39934301209879147,238,27572
1,mocha_pretrained,validation,dysarthric,F04,tb_vertical,0.19602019605074122,231,26390
1,mocha_pretrained,validation,dysarthric,F04,td_vertical,0.15975483010617017,239,27947
1,mocha_pretrained,validation,control,FC03,li_x,0.31087580398382725,795,72732
1,mocha_pretrained,validation,control,FC03,ul_x,0.15156365230898733,794,72564
1,mocha_pretrained,validation,control,FC03,ll_x,0.32011518772562153,794,72564
1,mocha_pretrained,validation,control,FC03,tt_x,0.34714874578116955,786,71222
1,mocha_pretrained,validation,control,FC03,tb_x,0.3727971779703024,794,72564
1,mocha_pretrained,validation,control,FC03,td_x,0.43742640064896265,782,71088
1,mocha_pretrained,validation,control,FC03,li_vertical,0.3465619352385707,795,72732
1,mocha_pretrained,validation,control,FC03,ul_vertical,0.04090972096327542,794,72564
1,mocha_pretrained,validation,control,FC03,ll_vertical,0.4179833749880082,794,72564
1,mocha_pretrained,validation,control,FC03,tt_vertical,0.4071031527770765,786,71222
1,mocha_pretrained,validation,control,FC03,tb_vertical,0.24954964964228563,794,72564
1,mocha_pretrained,validation,control,FC03,td_vertical,0.03718383223739292,782,71088
1,mocha_pretrained,validation,dysarthric,M03,li_x,0.19572723857425015,420,45227
1,mocha_pretrained,validation,dysarthric,M03,ul_x,0.2094979426335465,421,46666
1,mocha_pretrained,validation,dysarthric,M03,ll_x,0.3235294394696752,419,43833
1,mocha_pretrained,validation,dysarthric,M03,tt_x,0.5208176427889052,420,45227
1,mocha_pretrained,validation,dysarthric,M03,tb_x,0.41797163003588916,421,46666
1,mocha_pretrained,validation,dysarthric,M03,td_x,0.4468324131940428,418,45039
1,mocha_pretrained,validation,dysarthric,M03,li_vertical,0.5564357329014467,420,45227
1,mocha_pretrained,validation,dysarthric,M03,ul_vertical,0.3752913607166969,421,46666
1,mocha_pretrained,validation,dysarthric,M03,ll_vertical,0.35692067738384503,419,43833
1,mocha_pretrained,validation,dysarthric,M03,tt_vertical,0.4976293886439721,420,45227
1,mocha_pretrained,validation,dysarthric,M03,tb_vertical,0.5329649723831706,421,46666
1,mocha_pretrained,validation,dysarthric,M03,td_vertical,0.4644021914422925,418,45039
1,mocha_pretrained,validation,control,MC03,li_x,-0.1719235519413169,600,44417
1,mocha_pretrained,validation,control,MC03,ul_x,0.19139806393764483,600,44417
1,mocha_pretrained,validation,control,MC03,ll_x,0.3394606587435067,600,44417
1,mocha_pretrained,validation,control,MC03,tt_x,0.302690585963234,600,44417
1,mocha_pretrained,validation,control,MC03,tb_x,0.4538814302497247,600,44417
1,mocha_pretrained,validation,control,MC03,td_x,0.4568533950514371,600,44417
1,mocha_pretrained,validation,control,MC03,li_vertical,0.4899160848767598,600,44417
1,mocha_pretrained,validation,control,MC03,ul_vertical,0.12073575048715991,600,44417
1,mocha_pretrained,validation,control,MC03,ll_vertical,0.5132209720370318,600,44417
1,mocha_pretrained,validation,control,MC03,tt_vertical,0.3143950166572352,600,44417
1,mocha_pretrained,validation,control,MC03,tb_vertical,0.3580904635296194,600,44417
1,mocha_pretrained,validation,control,MC03,td_vertical,0.20890357463802856,600,44417
1,mocha_pretrained,test,dysarthric,F03,li_x,0.022896380513164533,371,34269
1,mocha_pretrained,test,dysarthric,F03,ul_x,0.08934433367054329,370,33754
1,mocha_pretrained,test,dysarthric,F03,ll_x,0.06988485393484246,343,31273
1,mocha_pretrained,test,dysarthric,F03,tt_x,0.30802389651361267,361,33567
1,mocha_pretrained,test,dysarthric,F03,tb_x,0.24220985645727777,368,33998
1,mocha_pretrained,test,dysarthric,F03,td_x,0.28248347823831577,371,34353
1,mocha_pretrained,test,dysarthric,F03,li_vertical,0.29861938713309427,371,34269
1,mocha_pretrained,test,dysarthric,F03,ul_vertical,0.19540175696501932,370,33754
1,mocha_pretrained,test,dysarthric,F03,ll_vertical,0.16879927325745248,343,31273
1,mocha_pretrained,test,dysarthric,F03,tt_vertical,0.2701310266992475,361,33567
1,mocha_pretrained,test,dysarthric,F03,tb_vertical,0.3475457859272272,368,33998
1,mocha_pretrained,test,dysarthric,F03,td_vertical,0.28631679820832634,371,34353
1,mocha_pretrained,test,control,FC02,li_x,0.3558697377670427,999,89859
1,mocha_pretrained,test,control,FC02,ul_x,0.2424685584867694,999,89859
1,mocha_pretrained,test,control,FC02,ll_x,0.3598529853984403,999,89859
1,mocha_pretrained,test,control,FC02,tt_x,0.3042815805602088,920,83304
1,mocha_pretrained,test,control,FC02,tb_x,0.3842732043700958,945,84138
1,mocha_pretrained,test,control,FC02,td_x,0.348881023083767,977,87355
1,mocha_pretrained,test,control,FC02,li_vertical,0.5134207207497619,999,89859
1,mocha_pretrained,test,control,FC02,ul_vertical,0.23800784292043814,999,89859
1,mocha_pretrained,test,control,FC02,ll_vertical,0.47565560535095874,999,89859
1,mocha_pretrained,test,control,FC02,tt_vertical,0.3734507291067263,920,83304
1,mocha_pretrained,test,control,FC02,tb_vertical,0.4019211250329407,945,84138
1,mocha_pretrained,test,control,FC02,td_vertical,0.2899116713792829,977,87355
1,mocha_pretrained,test,dysarthric,M02,li_x,0.048565358318517576,88,10449
1,mocha_pretrained,test,dysarthric,M02,ul_x,0.0922486756456427,97,12187
1,mocha_pretrained,test,dysarthric,M02,ll_x,0.18894005936239897,84,9765
1,mocha_pretrained,test,dysarthric,M02,tt_x,0.23234220732030783,91,10821
1,mocha_pretrained,test,dysarthric,M02,tb_x,0.03676531053704936,95,11935
1,mocha_pretrained,test,dysarthric,M02,td_x,nan,0,0
1,mocha_pretrained,test,dysarthric,M02,li_vertical,0.17606650278603497,88,10449
1,mocha_pretrained,test,dysarthric,M02,ul_vertical,-0.01954117847844877,97,12187
1,mocha_pretrained,test,dysarthric,M02,ll_vertical,0.30696829582020446,84,9765
1,mocha_pretrained,test,dysarthric,M02,tt_vertical,0.3010406438267953,91,10821
1,mocha_pretrained,test,dysarthric,M02,tb_vertical,0.17184804342931942,95,11935
1,mocha_pretrained,test,dysarthric,M02,td_vertical,nan,0,0
1,mocha_pretrained,test,control,MC02,li_x,0.13555609297319804,462,52945
1,mocha_pretrained,test,control,MC02,ul_x,0.2887876561399926,462,52945
1,mocha_pretrained,test,control,MC02,ll_x,0.25888220659806027,462,52945
1,mocha_pretrained,test,control,MC02,tt_x,0.3476178591501779,459,52492
1,mocha_pretrained,test,control,MC02,tb_x,0.2912403334946486,449,51299
1,mocha_pretrained,test,control,MC02,td_x,0.30178365089757725,457,52269
1,mocha_pretrained,test,control,MC02,li_vertical,0.5225065290770441,462,52945
1,mocha_pretrained,test,control,MC02,ul_vertical,0.19536209721631642,462,52945
1,mocha_pretrained,test,control,MC02,ll_vertical,0.46258748968872315,462,52945
1,mocha_pretrained,test,control,MC02,tt_vertical,0.42440793021183215,459,52492
1,mocha_pretrained,test,control,MC02,tb_vertical,0.3583256902911472,449,51299
1,mocha_pretrained,test,control,MC02,td_vertical,0.24062300819117532,457,52269
2,scratch,validation,dysarthric,M04,li_x,nan,0,0
2,scratch,validation,dysarthric,M04,ul_x,0.08927823081317468,259,39716
2,scratch,validation,dysarthric,M04,ll_x,0.10391359658864031,263,40340
2,scratch,validation,dysarthric,M04,tt_x,nan,0,0
2,scratch,validation,dysarthric,M04,tb_x,nan,0,0
2,scratch,validation,dysarthric,M04,td_x,nan,0,0
2,scratch,validation,dysarthric,M04,li_vertical,nan,0,0
2,scratch,validation,dysarthric,M04,ul_vertical,-0.0739604740075775,259,39716
2,scratch,validation,dysarthric,M04,ll_vertical,0.28107667466475283,263,40340
2,scratch,validation,dysarthric,M04,tt_vertical,nan,0,0
2,scratch,validation,dysarthric,M04,tb_vertical,nan,0,0
2,scratch,validation,dysarthric,M04,td_vertical,nan,0,0
2,scratch,validation,dysarthric,M05,li_x,0.06363126952009945,442,69213
2,scratch,validation,dysarthric,M05,ul_x,0.0809697649005236,438,67972
2,scratch,validation,dysarthric,M05,ll_x,0.2051431726567145,454,71207
2,scratch,validation,dysarthric,M05,tt_x,nan,0,0
2,scratch,validation,dysarthric,M05,tb_x,0.3442028030639028,332,53284
2,scratch,validation,dysarthric,M05,td_x,nan,0,0
2,scratch,validation,dysarthric,M05,li_vertical,0.2955037793226479,442,69213
2,scratch,validation,dysarthric,M05,ul_vertical,0.15613356392709113,438,67972
2,scratch,validation,dysarthric,M05,ll_vertical,0.19620260604144862,454,71207
2,scratch,validation,dysarthric,M05,tt_vertical,nan,0,0
2,scratch,validation,dysarthric,M05,tb_vertical,0.2586375608354633,332,53284
2,scratch,validation,dysarthric,M05,td_vertical,nan,0,0
2,scratch,validation,control,MC04,li_x,0.12343773220757122,654,49931
2,scratch,validation,control,MC04,ul_x,0.527952039595369,654,49931
2,scratch,validation,control,MC04,ll_x,0.35713308254298104,654,49931
2,scratch,validation,control,MC04,tt_x,0.6259725073334129,654,49931
2,scratch,validation,control,MC04,tb_x,0.49607266650115267,645,49180
2,scratch,validation,control,MC04,td_x,0.4727059783762645,645,48991
2,scratch,validation,control,MC04,li_vertical,0.6184182890776482,654,49931
2,scratch,validation,control,MC04,ul_vertical,0.12474500457560116,654,49931
2,scratch,validation,control,MC04,ll_vertical,0.649884878720873,654,49931
2,scratch,validation,control,MC04,tt_vertical,0.3341999166959037,654,49931
2,scratch,validation,control,MC04,tb_vertical,0.5362323507380171,645,49180
2,scratch,validation,control,MC04,td_vertical,0.36172345138823025,645,48991
2,scratch,test,dysarthric,F04,li_x,-0.2269710296901872,250,29539
2,scratch,test,dysarthric,F04,ul_x,0.16184891856355818,247,28918
2,scratch,test,dysarthric,F04,ll_x,-0.21993956615123117,244,28849
2,scratch,test,dysarthric,F04,tt_x,0.47468639450031375,238,27572
2,scratch,test,dysarthric,F04,tb_x,0.43367349803532307,231,26390
2,scratch,test,dysarthric,F04,td_x,0.34433936085465866,239,27947
2,scratch,test,dysarthric,F04,li_vertical,0.487373621814174,250,29539
2,scratch,test,dysarthric,F04,ul_vertical,0.17958421073032146,247,28918
2,scratch,test,dysarthric,F04,ll_vertical,0.4677743862523982,244,28849
2,scratch,test,dysarthric,F04,tt_vertical,0.3282414386243727,238,27572
2,scratch,test,dysarthric,F04,tb_vertical,0.3966932167032202,231,26390
2,scratch,test,dysarthric,F04,td_vertical,0.3725725695872864,239,27947
2,scratch,test,control,FC03,li_x,0.2810567507807666,795,72732
2,scratch,test,control,FC03,ul_x,0.1475500314291885,794,72564
2,scratch,test,control,FC03,ll_x,0.3943277695519167,794,72564
2,scratch,test,control,FC03,tt_x,0.5002245026185628,786,71222
2,scratch,test,control,FC03,tb_x,0.45987975600564573,794,72564
2,scratch,test,control,FC03,td_x,0.4965346891987423,782,71088
2,scratch,test,control,FC03,li_vertical,0.37353422017745613,795,72732
2,scratch,test,control,FC03,ul_vertical,0.10787199856122649,794,72564
2,scratch,test,control,FC03,ll_vertical,0.42340655885442224,794,72564
2,scratch,test,control,FC03,tt_vertical,0.41917626512357187,786,71222
2,scratch,test,control,FC03,tb_vertical,0.43759205145251534,794,72564
2,scratch,test,control,FC03,td_vertical,0.3410027456739425,782,71088
2,scratch,test,dysarthric,M03,li_x,0.12264492393769515,420,45227
2,scratch,test,dysarthric,M03,ul_x,0.27364767365707043,421,46666
2,scratch,test,dysarthric,M03,ll_x,0.4654990728060477,419,43833
2,scratch,test,dysarthric,M03,tt_x,0.5792535425614194,420,45227
2,scratch,test,dysarthric,M03,tb_x,0.47242462925339945,421,46666
2,scratch,test,dysarthric,M03,td_x,0.44880985075434265,418,45039
2,scratch,test,dysarthric,M03,li_vertical,0.4323257211165812,420,45227
2,scratch,test,dysarthric,M03,ul_vertical,0.3747936036808504,421,46666
2,scratch,test,dysarthric,M03,ll_vertical,0.5388359922967445,419,43833
2,scratch,test,dysarthric,M03,tt_vertical,0.24845776642203604,420,45227
2,scratch,test,dysarthric,M03,tb_vertical,0.5412773215774513,421,46666
2,scratch,test,dysarthric,M03,td_vertical,0.44945577928540015,418,45039
2,scratch,test,control,MC03,li_x,-0.3369173609280549,600,44417
2,scratch,test,control,MC03,ul_x,0.19449062867896377,600,44417
2,scratch,test,control,MC03,ll_x,0.3642327987050539,600,44417
2,scratch,test,control,MC03,tt_x,0.41848343268566673,600,44417
2,scratch,test,control,MC03,tb_x,0.3914698097222418,600,44417
2,scratch,test,control,MC03,td_x,0.38930236457760264,600,44417
2,scratch,test,control,MC03,li_vertical,0.5040395478113922,600,44417
2,scratch,test,control,MC03,ul_vertical,-0.08828413029331267,600,44417
2,scratch,test,control,MC03,ll_vertical,0.5110064440003357,600,44417
2,scratch,test,control,MC03,tt_vertical,0.13609755033344795,600,44417
2,scratch,test,control,MC03,tb_vertical,0.43473929342521833,600,44417
2,scratch,test,control,MC03,td_vertical,0.28439858252392947,600,44417
2,mocha_pretrained,validation,dysarthric,M04,li_x,nan,0,0
2,mocha_pretrained,validation,dysarthric,M04,ul_x,0.047130147987088505,259,39716
2,mocha_pretrained,validation,dysarthric,M04,ll_x,0.06804417400510972,263,40340
2,mocha_pretrained,validation,dysarthric,M04,tt_x,nan,0,0
2,mocha_pretrained,validation,dysarthric,M04,tb_x,nan,0,0
2,mocha_pretrained,validation,dysarthric,M04,td_x,nan,0,0
2,mocha_pretrained,validation,dysarthric,M04,li_vertical,nan,0,0
2,mocha_pretrained,validation,dysarthric,M04,ul_vertical,-0.07342693156231402,259,39716
2,mocha_pretrained,validation,dysarthric,M04,ll_vertical,0.3309062543636153,263,40340
2,mocha_pretrained,validation,dysarthric,M04,tt_vertical,nan,0,0
2,mocha_pretrained,validation,dysarthric,M04,tb_vertical,nan,0,0
2,mocha_pretrained,validation,dysarthric,M04,td_vertical,nan,0,0
2,mocha_pretrained,validation,dysarthric,M05,li_x,0.060404599797039944,442,69213
2,mocha_pretrained,validation,dysarthric,M05,ul_x,0.08365117722950231,438,67972
2,mocha_pretrained,validation,dysarthric,M05,ll_x,0.20915025781499075,454,71207
2,mocha_pretrained,validation,dysarthric,M05,tt_x,nan,0,0
2,mocha_pretrained,validation,dysarthric,M05,tb_x,0.27187084658716726,332,53284
2,mocha_pretrained,validation,dysarthric,M05,td_x,nan,0,0
2,mocha_pretrained,validation,dysarthric,M05,li_vertical,0.33911195443048064,442,69213
2,mocha_pretrained,validation,dysarthric,M05,ul_vertical,0.13296407887822237,438,67972
2,mocha_pretrained,validation,dysarthric,M05,ll_vertical,0.2282573692545922,454,71207
2,mocha_pretrained,validation,dysarthric,M05,tt_vertical,nan,0,0
2,mocha_pretrained,validation,dysarthric,M05,tb_vertical,0.2591815432798373,332,53284
2,mocha_pretrained,validation,dysarthric,M05,td_vertical,nan,0,0
2,mocha_pretrained,validation,control,MC04,li_x,0.19570380090105016,654,49931
2,mocha_pretrained,validation,control,MC04,ul_x,0.48815730038758876,654,49931
2,mocha_pretrained,validation,control,MC04,ll_x,0.39522897864018686,654,49931
2,mocha_pretrained,validation,control,MC04,tt_x,0.5957944090095608,654,49931
2,mocha_pretrained,validation,control,MC04,tb_x,0.5403358329926894,645,49180
2,mocha_pretrained,validation,control,MC04,td_x,0.4948741505095717,645,48991
2,mocha_pretrained,validation,control,MC04,li_vertical,0.6268052436768392,654,49931
2,mocha_pretrained,validation,control,MC04,ul_vertical,0.2029546549916368,654,49931
2,mocha_pretrained,validation,control,MC04,ll_vertical,0.6943953193753155,654,49931
2,mocha_pretrained,validation,control,MC04,tt_vertical,0.35574961146723877,654,49931
2,mocha_pretrained,validation,control,MC04,tb_vertical,0.5389424009002769,645,49180
2,mocha_pretrained,validation,control,MC04,td_vertical,0.3546114192281102,645,48991
2,mocha_pretrained,test,dysarthric,F04,li_x,-0.24206937775826534,250,29539
2,mocha_pretrained,test,dysarthric,F04,ul_x,0.19924094782161453,247,28918
2,mocha_pretrained,test,dysarthric,F04,ll_x,-0.19079921641206787,244,28849
2,mocha_pretrained,test,dysarthric,F04,tt_x,0.45466024336173694,238,27572
2,mocha_pretrained,test,dysarthric,F04,tb_x,0.45454841465611046,231,26390
2,mocha_pretrained,test,dysarthric,F04,td_x,0.3289020480568521,239,27947
2,mocha_pretrained,test,dysarthric,F04,li_vertical,0.49507510200853366,250,29539
2,mocha_pretrained,test,dysarthric,F04,ul_vertical,0.24060091453911187,247,28918
2,mocha_pretrained,test,dysarthric,F04,ll_vertical,0.4843613051418379,244,28849
2,mocha_pretrained,test,dysarthric,F04,tt_vertical,0.2685719309581633,238,27572
2,mocha_pretrained,test,dysarthric,F04,tb_vertical,0.3220301527377887,231,26390
2,mocha_pretrained,test,dysarthric,F04,td_vertical,0.3654591923919982,239,27947
2,mocha_pretrained,test,control,FC03,li_x,0.2660156619055778,795,72732
2,mocha_pretrained,test,control,FC03,ul_x,0.21949448454385226,794,72564
2,mocha_pretrained,test,control,FC03,ll_x,0.3560512981780433,794,72564
2,mocha_pretrained,test,control,FC03,tt_x,0.49533485873432864,786,71222
2,mocha_pretrained,test,control,FC03,tb_x,0.46856715121331066,794,72564
2,mocha_pretrained,test,control,FC03,td_x,0.49507253004884005,782,71088
2,mocha_pretrained,test,control,FC03,li_vertical,0.3985948901077957,795,72732
2,mocha_pretrained,test,control,FC03,ul_vertical,0.19913689416227595,794,72564
2,mocha_pretrained,test,control,FC03,ll_vertical,0.46549313114140173,794,72564
2,mocha_pretrained,test,control,FC03,tt_vertical,0.3886029236495469,786,71222
2,mocha_pretrained,test,control,FC03,tb_vertical,0.41901902434831545,794,72564
2,mocha_pretrained,test,control,FC03,td_vertical,0.3643882078324818,782,71088
2,mocha_pretrained,test,dysarthric,M03,li_x,0.16404738034090582,420,45227
2,mocha_pretrained,test,dysarthric,M03,ul_x,0.16604806530656394,421,46666
2,mocha_pretrained,test,dysarthric,M03,ll_x,0.2950759240529178,419,43833
2,mocha_pretrained,test,dysarthric,M03,tt_x,0.5742886249200545,420,45227
2,mocha_pretrained,test,dysarthric,M03,tb_x,0.48507577193479046,421,46666
2,mocha_pretrained,test,dysarthric,M03,td_x,0.4880410966935594,418,45039
2,mocha_pretrained,test,dysarthric,M03,li_vertical,0.4792121449522903,420,45227
2,mocha_pretrained,test,dysarthric,M03,ul_vertical,0.3907808450617258,421,46666
2,mocha_pretrained,test,dysarthric,M03,ll_vertical,0.5522778503022537,419,43833
2,mocha_pretrained,test,dysarthric,M03,tt_vertical,0.30936499475509355,420,45227
2,mocha_pretrained,test,dysarthric,M03,tb_vertical,0.5530262032357349,421,46666
2,mocha_pretrained,test,dysarthric,M03,td_vertical,0.43097409805960607,418,45039
2,mocha_pretrained,test,control,MC03,li_x,-0.36170763752338236,600,44417
2,mocha_pretrained,test,control,MC03,ul_x,0.1921883716976712,600,44417
2,mocha_pretrained,test,control,MC03,ll_x,0.37544389833862246,600,44417
2,mocha_pretrained,test,control,MC03,tt_x,0.4323376647351133,600,44417
2,mocha_pretrained,test,control,MC03,tb_x,0.4186479864084866,600,44417
2,mocha_pretrained,test,control,MC03,td_x,0.38114005463948786,600,44417
2,mocha_pretrained,test,control,MC03,li_vertical,0.5423039609077672,600,44417
2,mocha_pretrained,test,control,MC03,ul_vertical,-0.07912677252315724,600,44417
2,mocha_pretrained,test,control,MC03,ll_vertical,0.5142293469717126,600,44417
2,mocha_pretrained,test,control,MC03,tt_vertical,0.22930967353977155,600,44417
2,mocha_pretrained,test,control,MC03,tb_vertical,0.45977899894335356,600,44417
2,mocha_pretrained,test,control,MC03,td_vertical,0.25909162385693363,600,44417
3,scratch,validation,control,FC01,li_x,0.19187672121180344,164,20900
3,scratch,validation,control,FC01,ul_x,0.207933433709767,164,20900
3,scratch,validation,control,FC01,ll_x,0.2886523937871402,164,20900
3,scratch,validation,control,FC01,tt_x,0.31634906317097045,164,20900
3,scratch,validation,control,FC01,tb_x,0.3043352820875682,164,20900
3,scratch,validation,control,FC01,td_x,0.4370335405252668,164,20900
3,scratch,validation,control,FC01,li_vertical,0.5499024479516581,164,20900
3,scratch,validation,control,FC01,ul_vertical,0.21172163042970116,164,20900
3,scratch,validation,control,FC01,ll_vertical,0.42462924888198705,164,20900
3,scratch,validation,control,FC01,tt_vertical,0.5773939775201448,164,20900
3,scratch,validation,control,FC01,tb_vertical,0.24473024620667608,164,20900
3,scratch,validation,control,FC01,td_vertical,0.08581521464587623,164,20900
3,scratch,validation,dysarthric,M01,li_x,-0.21206068639913012,89,14809
3,scratch,validation,dysarthric,M01,ul_x,-0.06533220658979272,70,11387
3,scratch,validation,dysarthric,M01,ll_x,0.40749718045348177,80,12875
3,scratch,validation,dysarthric,M01,tt_x,0.02520920522047361,81,12971
3,scratch,validation,dysarthric,M01,tb_x,0.04579645669086299,58,10005
3,scratch,validation,dysarthric,M01,td_x,0.01549901807210066,78,12945
3,scratch,validation,dysarthric,M01,li_vertical,0.2996926667309062,89,14809
3,scratch,validation,dysarthric,M01,ul_vertical,-0.01584406971288103,70,11387
3,scratch,validation,dysarthric,M01,ll_vertical,0.21341752813483936,80,12875
3,scratch,validation,dysarthric,M01,tt_vertical,-0.054662273414691896,81,12971
3,scratch,validation,dysarthric,M01,tb_vertical,0.0020123443137711307,58,10005
3,scratch,validation,dysarthric,M01,td_vertical,0.04261926493485552,78,12945
3,scratch,validation,control,MC01,li_x,0.21704188767905053,496,57100
3,scratch,validation,control,MC01,ul_x,0.2800805755688815,496,57100
3,scratch,validation,control,MC01,ll_x,0.3489786179975803,488,56105
3,scratch,validation,control,MC01,tt_x,0.20917635268220972,472,53724
3,scratch,validation,control,MC01,tb_x,0.2733617943462284,494,56883
3,scratch,validation,control,MC01,td_x,0.32884047233784686,490,56477
3,scratch,validation,control,MC01,li_vertical,0.4683750164760235,496,57100
3,scratch,validation,control,MC01,ul_vertical,0.16551442165525876,496,57100
3,scratch,validation,control,MC01,ll_vertical,0.3223556654826092,488,56105
3,scratch,validation,control,MC01,tt_vertical,0.30898959574316875,472,53724
3,scratch,validation,control,MC01,tb_vertical,0.5144247436977953,494,56883
3,scratch,validation,control,MC01,td_vertical,0.41370715757020127,490,56477
3,scratch,test,dysarthric,M04,li_x,nan,0,0
3,scratch,test,dysarthric,M04,ul_x,0.07792575776107331,259,39716
3,scratch,test,dysarthric,M04,ll_x,0.10716215831079434,263,40340
3,scratch,test,dysarthric,M04,tt_x,nan,0,0
3,scratch,test,dysarthric,M04,tb_x,nan,0,0
3,scratch,test,dysarthric,M04,td_x,nan,0,0
3,scratch,test,dysarthric,M04,li_vertical,nan,0,0
3,scratch,test,dysarthric,M04,ul_vertical,-0.05591119522322359,259,39716
3,scratch,test,dysarthric,M04,ll_vertical,0.22739873272883881,263,40340
3,scratch,test,dysarthric,M04,tt_vertical,nan,0,0
3,scratch,test,dysarthric,M04,tb_vertical,nan,0,0
3,scratch,test,dysarthric,M04,td_vertical,nan,0,0
3,scratch,test,dysarthric,M05,li_x,0.04785317106181643,442,69213
3,scratch,test,dysarthric,M05,ul_x,0.15452497991973516,438,67972
3,scratch,test,dysarthric,M05,ll_x,0.1621018467483897,454,71207
3,scratch,test,dysarthric,M05,tt_x,nan,0,0
3,scratch,test,dysarthric,M05,tb_x,0.24595866916535986,332,53284
3,scratch,test,dysarthric,M05,td_x,nan,0,0
3,scratch,test,dysarthric,M05,li_vertical,0.263189616266961,442,69213
3,scratch,test,dysarthric,M05,ul_vertical,0.21719370676433708,438,67972
3,scratch,test,dysarthric,M05,ll_vertical,0.18841260890333356,454,71207
3,scratch,test,dysarthric,M05,tt_vertical,nan,0,0
3,scratch,test,dysarthric,M05,tb_vertical,0.3506905589554928,332,53284
3,scratch,test,dysarthric,M05,td_vertical,nan,0,0
3,scratch,test,control,MC04,li_x,0.3940282516845613,654,49931
3,scratch,test,control,MC04,ul_x,0.5127515728446662,654,49931
3,scratch,test,control,MC04,ll_x,0.3620957084240115,654,49931
3,scratch,test,control,MC04,tt_x,0.5808807019262803,654,49931
3,scratch,test,control,MC04,tb_x,0.5340697076289147,645,49180
3,scratch,test,control,MC04,td_x,0.4860299334770265,645,48991
3,scratch,test,control,MC04,li_vertical,0.6734072700105238,654,49931
3,scratch,test,control,MC04,ul_vertical,0.3083727213972368,654,49931
3,scratch,test,control,MC04,ll_vertical,0.6458981872288195,654,49931
3,scratch,test,control,MC04,tt_vertical,0.5680725982531668,654,49931
3,scratch,test,control,MC04,tb_vertical,0.535175486323491,645,49180
3,scratch,test,control,MC04,td_vertical,0.4359358205235681,645,48991
3,mocha_pretrained,validation,control,FC01,li_x,0.0941069700525995,164,20900
3,mocha_pretrained,validation,control,FC01,ul_x,0.1930244962201317,164,20900
3,mocha_pretrained,validation,control,FC01,ll_x,0.2722548263986725,164,20900
3,mocha_pretrained,validation,control,FC01,tt_x,0.29959469048863446,164,20900
3,mocha_pretrained,validation,control,FC01,tb_x,0.30959347435294776,164,20900
3,mocha_pretrained,validation,control,FC01,td_x,0.42368004775159596,164,20900
3,mocha_pretrained,validation,control,FC01,li_vertical,0.5559880642915214,164,20900
3,mocha_pretrained,validation,control,FC01,ul_vertical,0.2045589350797516,164,20900
3,mocha_pretrained,validation,control,FC01,ll_vertical,0.405402549189986,164,20900
3,mocha_pretrained,validation,control,FC01,tt_vertical,0.5123161962806847,164,20900
3,mocha_pretrained,validation,control,FC01,tb_vertical,0.2199349304049594,164,20900
3,mocha_pretrained,validation,control,FC01,td_vertical,0.11941576985795241,164,20900
3,mocha_pretrained,validation,dysarthric,M01,li_x,-0.2596194646064568,89,14809
3,mocha_pretrained,validation,dysarthric,M01,ul_x,-0.059156173932461614,70,11387
3,mocha_pretrained,validation,dysarthric,M01,ll_x,0.3698938592619175,80,12875
3,mocha_pretrained,validation,dysarthric,M01,tt_x,-0.004402525588567039,81,12971
3,mocha_pretrained,validation,dysarthric,M01,tb_x,-0.0062621737894371,58,10005
3,mocha_pretrained,validation,dysarthric,M01,td_x,-0.015262110831783807,78,12945
3,mocha_pretrained,validation,dysarthric,M01,li_vertical,0.33916210706433564,89,14809
3,mocha_pretrained,validation,dysarthric,M01,ul_vertical,0.019005006103928267,70,11387
3,mocha_pretrained,validation,dysarthric,M01,ll_vertical,0.2577396237261861,80,12875
3,mocha_pretrained,validation,dysarthric,M01,tt_vertical,-0.06759404248287167,81,12971
3,mocha_pretrained,validation,dysarthric,M01,tb_vertical,0.006864853203795181,58,10005
3,mocha_pretrained,validation,dysarthric,M01,td_vertical,0.05185087346640251,78,12945
3,mocha_pretrained,validation,control,MC01,li_x,0.14512220194023034,496,57100
3,mocha_pretrained,validation,control,MC01,ul_x,0.31438019464871697,496,57100
3,mocha_pretrained,validation,control,MC01,ll_x,0.3344877583145707,488,56105
3,mocha_pretrained,validation,control,MC01,tt_x,0.21909920504500907,472,53724
3,mocha_pretrained,validation,control,MC01,tb_x,0.2851622880368462,494,56883
3,mocha_pretrained,validation,control,MC01,td_x,0.34036435324942216,490,56477
3,mocha_pretrained,validation,control,MC01,li_vertical,0.4911443339101023,496,57100
3,mocha_pretrained,validation,control,MC01,ul_vertical,0.026541028627895362,496,57100
3,mocha_pretrained,validation,control,MC01,ll_vertical,0.32119706345434607,488,56105
3,mocha_pretrained,validation,control,MC01,tt_vertical,0.31780796112588106,472,53724
3,mocha_pretrained,validation,control,MC01,tb_vertical,0.5546213953399842,494,56883
3,mocha_pretrained,validation,control,MC01,td_vertical,0.43307455294156505,490,56477
3,mocha_pretrained,test,dysarthric,M04,li_x,nan,0,0
3,mocha_pretrained,test,dysarthric,M04,ul_x,0.09140771743147401,259,39716
3,mocha_pretrained,test,dysarthric,M04,ll_x,0.08843143548619599,263,40340
3,mocha_pretrained,test,dysarthric,M04,tt_x,nan,0,0
3,mocha_pretrained,test,dysarthric,M04,tb_x,nan,0,0
3,mocha_pretrained,test,dysarthric,M04,td_x,nan,0,0
3,mocha_pretrained,test,dysarthric,M04,li_vertical,nan,0,0
3,mocha_pretrained,test,dysarthric,M04,ul_vertical,-0.10758548272611412,259,39716
3,mocha_pretrained,test,dysarthric,M04,ll_vertical,0.2360571788506609,263,40340
3,mocha_pretrained,test,dysarthric,M04,tt_vertical,nan,0,0
3,mocha_pretrained,test,dysarthric,M04,tb_vertical,nan,0,0
3,mocha_pretrained,test,dysarthric,M04,td_vertical,nan,0,0
3,mocha_pretrained,test,dysarthric,M05,li_x,0.040663225683706866,442,69213
3,mocha_pretrained,test,dysarthric,M05,ul_x,0.15713127743655114,438,67972
3,mocha_pretrained,test,dysarthric,M05,ll_x,0.16991095029181036,454,71207
3,mocha_pretrained,test,dysarthric,M05,tt_x,nan,0,0
3,mocha_pretrained,test,dysarthric,M05,tb_x,0.23449466911860387,332,53284
3,mocha_pretrained,test,dysarthric,M05,td_x,nan,0,0
3,mocha_pretrained,test,dysarthric,M05,li_vertical,0.2870388769612512,442,69213
3,mocha_pretrained,test,dysarthric,M05,ul_vertical,0.17986119902324704,438,67972
3,mocha_pretrained,test,dysarthric,M05,ll_vertical,0.19240602139411747,454,71207
3,mocha_pretrained,test,dysarthric,M05,tt_vertical,nan,0,0
3,mocha_pretrained,test,dysarthric,M05,tb_vertical,0.28171533464451115,332,53284
3,mocha_pretrained,test,dysarthric,M05,td_vertical,nan,0,0
3,mocha_pretrained,test,control,MC04,li_x,0.3776946379393948,654,49931
3,mocha_pretrained,test,control,MC04,ul_x,0.5829788993532113,654,49931
3,mocha_pretrained,test,control,MC04,ll_x,0.31808026006293055,654,49931
3,mocha_pretrained,test,control,MC04,tt_x,0.6041669851498124,654,49931
3,mocha_pretrained,test,control,MC04,tb_x,0.5406113882959043,645,49180
3,mocha_pretrained,test,control,MC04,td_x,0.48342619878045157,645,48991
3,mocha_pretrained,test,control,MC04,li_vertical,0.5354582254190167,654,49931
3,mocha_pretrained,test,control,MC04,ul_vertical,0.2828510396054977,654,49931
3,mocha_pretrained,test,control,MC04,ll_vertical,0.5951427889132815,654,49931
3,mocha_pretrained,test,control,MC04,tt_vertical,0.546268773300335,654,49931
3,mocha_pretrained,test,control,MC04,tb_vertical,0.5496313441935149,645,49180
3,mocha_pretrained,test,control,MC04,td_vertical,0.44592578208370953,645,48991
