speaker,condition,utterances,reference_words,substitutions,deletions,insertions,wer
F01,dysarthric,118,282,159,12,34,0.7269503546099291
F03,dysarthric,546,1397,361,17,200,0.41374373657838226
F04,dysarthric,429,1064,139,3,23,0.1550751879699248
FC01,control,151,341,31,2,1,0.09970674486803519
FC02,control,1221,3087,245,3,21,0.08713961775186264
FC03,control,964,2503,245,7,29,0.1122652816620056
M01,dysarthric,372,928,570,20,465,1.136853448275862
M02,dysarthric,388,952,507,23,260,0.8298319327731093
M03,dysarthric,406,1016,60,2,19,0.0797244094488189
M04,dysarthric,391,970,616,37,994,1.6979381443298969
M05,dysarthric,500,1252,453,94,537,0.865814696485623
MC01,control,1078,2756,263,5,39,0.1113933236574746
MC02,control,677,1705,298,15,26,0.19882697947214076
MC03,control,870,2191,226,22,19,0.12186216339570972
MC04,control,993,2540,244,34,18,0.11653543307086614
