speaker,condition,prompt_length,utterances,reference_words,substitutions,deletions,insertions,wer
F01,dysarthric,1-3 reference words,98,98,78,3,10,0.9285714285714286
F01,dysarthric,4+ reference words,20,184,81,9,24,0.6195652173913043
F03,dysarthric,1-3 reference words,410,415,232,2,172,0.9783132530120482
F03,dysarthric,4+ reference words,136,982,129,15,28,0.17515274949083504
F04,dysarthric,1-3 reference words,329,329,111,1,17,0.39209726443769
F04,dysarthric,4+ reference words,100,735,28,2,6,0.04897959183673469
FC01,control,1-3 reference words,125,125,26,1,1,0.224
FC01,control,4+ reference words,26,216,5,1,0,0.027777777777777776
FC02,control,1-3 reference words,905,905,216,2,14,0.256353591160221
FC02,control,4+ reference words,316,2182,29,1,7,0.01695692025664528
FC03,control,1-3 reference words,704,706,179,0,22,0.2847025495750708
FC03,control,4+ reference words,260,1797,66,7,7,0.044518642181413465
M01,dysarthric,1-3 reference words,285,289,242,3,375,2.1453287197231834
M01,dysarthric,4+ reference words,87,639,328,17,90,0.6807511737089202
M02,dysarthric,1-3 reference words,299,304,227,6,181,1.361842105263158
M02,dysarthric,4+ reference words,89,648,280,17,79,0.5802469135802469
M03,dysarthric,1-3 reference words,311,311,45,0,16,0.19614147909967847
M03,dysarthric,4+ reference words,95,705,15,2,3,0.028368794326241134
M04,dysarthric,1-3 reference words,310,318,263,3,318,1.8364779874213837
M04,dysarthric,4+ reference words,81,652,353,34,676,1.6303680981595092
M05,dysarthric,1-3 reference words,377,379,250,20,485,1.992084432717678
M05,dysarthric,4+ reference words,123,873,203,74,52,0.3768613974799542
MC01,control,1-3 reference words,795,799,220,3,25,0.31038798498122655
MC01,control,4+ reference words,283,1957,43,2,14,0.030148185998978026
MC02,control,1-3 reference words,507,507,231,2,13,0.48520710059171596
MC02,control,4+ reference words,170,1198,67,13,13,0.07762938230383973
MC03,control,1-3 reference words,649,649,189,0,13,0.31124807395993837
MC03,control,4+ reference words,221,1542,37,22,6,0.04215304798962387
MC04,control,1-3 reference words,731,731,198,10,13,0.3023255813953488
MC04,control,4+ reference words,262,1809,46,24,5,0.04145936981757877
