speaker,condition,utterances,reference_words,wer,ci_low,ci_high
F01,dysarthric,118,282,0.7269503546099291,0.6397413705325323,0.8203516811130126
F03,dysarthric,546,1397,0.41374373657838226,0.2795009813958293,0.6591908820870462
F04,dysarthric,429,1064,0.1550751879699248,0.1263729536868616,0.18590514439595132
FC01,control,151,341,0.09970674486803519,0.0645954746443174,0.1415454545454545
FC02,control,1221,3087,0.08713961775186264,0.07446792144026186,0.1
FC03,control,964,2503,0.1122652816620056,0.09745606752788069,0.12854252869412083
M01,dysarthric,372,928,1.136853448275862,0.8001570355651215,1.584586286370726
M02,dysarthric,388,952,0.8298319327731093,0.6645497557997558,1.1164553480938062
M03,dysarthric,406,1016,0.0797244094488189,0.05652746490090336,0.10986008169114746
M04,dysarthric,391,970,1.6979381443298969,1.1393608611554957,2.4346530473187817
M05,dysarthric,500,1252,0.865814696485623,0.5866733025679847,1.2488098588273597
MC01,control,1078,2756,0.1113933236574746,0.09601317638641005,0.1307242710898518
MC02,control,677,1705,0.19882697947214076,0.1732536997297911,0.22708250150330722
MC03,control,870,2191,0.12186216339570972,0.10369268868847967,0.1414826514281118
MC04,control,993,2540,0.11653543307086614,0.10089591872972054,0.13397490796853104
