speaker,session,utterance_id,reference_words,prior_errors,full_prompt_errors,errors_saved,prior_insertions,full_prompt_insertions
M04,Session2,0291,12,157,7,150,148,0
M04,Session1,0120,12,16,11,5,6,3
M04,Session2,0220,8,5,0,5,2,0
F01,Session1,0036,11,7,3,4,3,1
M01,Session2_3,0181,11,9,5,4,0,0
M01,Session2_3,0159,8,8,5,3,3,3
F03,Session3,0153,11,4,1,3,1,0
M02,Session1,0092,13,9,6,3,0,0
M02,Session1,0115,12,6,3,3,0,0
M02,Session1,0117,9,3,0,3,0,0
M04,Session1,0020,8,6,3,3,0,0
M01,Session2_3,0174,6,3,1,2,0,0
M01,Session2_3,0202,8,4,2,2,0,0
M01,Session2_3,0205,8,3,1,2,0,0
M01,Session2_3,0232,6,7,5,2,3,2
M02,Session1,0055,11,6,4,2,0,0
M02,Session1,0150,8,3,1,2,0,0
M04,Session1,0036,9,7,5,2,0,0
M04,Session1,0082,8,9,7,2,1,0
M04,Session2,0231,6,8,6,2,4,3
M04,Session2,0274,5,6,4,2,2,0
F01,Session1,0032,11,10,9,1,0,0
F01,Session1,0035,12,10,9,1,1,0
F01,Session1,0116,13,9,8,1,2,1
M01,Session2_3,0013,9,1,0,1,0,0
M01,Session2_3,0045,6,2,1,1,0,0
M01,Session2_3,0129,6,6,5,1,0,0
M01,Session2_3,0160,8,8,7,1,3,2
M01,Session2_3,0188,6,4,3,1,1,1
M01,Session2_3,0191,12,5,4,1,3,2
F03,Session2,0020,5,1,0,1,0,0
F03,Session2,0037,8,1,0,1,0,0
M02,Session1,0198,6,6,5,1,1,0
M02,Session1,0238,6,5,4,1,2,1
M04,Session1,0088,11,9,8,1,0,0
M04,Session2,0242,8,6,5,1,2,1
M05,Session2,0028,7,1,0,1,0,0
M05,Session2,0122,5,1,0,1,0,0
M05,Session2,0152,5,1,0,1,0,0
M05,Session2,0176,6,5,4,1,1,1
M05,Session2,0239,6,1,0,1,0,0
M05,Session2,0321,8,6,5,1,1,0
M05,Session2,0370,6,3,2,1,0,0
F01,Session1,0008,12,10,10,0,1,1
F01,Session1,0014,12,5,5,0,0,0
F01,Session1,0126,9,6,6,0,0,0
F01,Session1,0132,14,5,5,0,3,3
M01,Session2_3,0042,5,3,3,0,1,1
M01,Session2_3,0043,8,5,5,0,0,0
M01,Session2_3,0066,7,5,5,0,1,1
M01,Session2_3,0084,8,0,0,0,0,0
M01,Session2_3,0095,5,2,2,0,0,0
M01,Session2_3,0109,8,1,1,0,0,0
M01,Session2_3,0117,6,5,5,0,0,0
M01,Session2_3,0121,7,2,2,0,0,0
M01,Session2_3,0132,7,4,4,0,0,0
M01,Session2_3,0146,7,4,4,0,2,2
M01,Session2_3,0177,8,9,9,0,2,2
M01,Session2_3,0179,7,1,1,0,0,0
M01,Session2_3,0185,7,6,6,0,0,1
M01,Session2_3,0206,6,5,5,0,0,0
M01,Session2_3,0240,5,1,1,0,0,0
M01,Session2_3,0278,7,5,5,0,1,0
F03,Session1,0024,13,2,2,0,0,0
F03,Session1,0025,13,3,3,0,0,0
F03,Session1,0028,11,0,0,0,0,0
F03,Session1,0030,12,0,0,0,0,0
F03,Session1,0031,12,0,0,0,0,0
F03,Session1,0070,12,1,1,0,0,0
F03,Session1,0072,12,0,0,0,0,0
F03,Session1,0095,14,5,5,0,2,2
F03,Session2,0006,14,0,0,0,0,0
F03,Session2,0007,14,2,2,0,0,0
F03,Session2,0021,6,0,0,0,0,0
F03,Session2,0029,7,5,5,0,0,0
F03,Session2,0054,3,1,1,0,0,0
F03,Session2,0088,1,0,0,0,0,0
F03,Session2,0098,6,0,0,0,0,0
F03,Session2,0101,6,0,0,0,0,0
F03,Session2,0118,12,0,0,0,0,0
F03,Session3,0038,5,0,0,0,0,0
F03,Session3,0047,13,3,3,0,0,0
F03,Session3,0209,11,1,1,0,0,0
M02,Session1,0020,8,4,4,0,1,1
M02,Session1,0023,8,4,4,0,0,0
M02,Session1,0044,9,1,1,0,0,0
M02,Session1,0080,12,1,1,0,0,0
M02,Session1,0098,8,3,3,0,0,0
M02,Session1,0127,8,5,5,0,0,0
M02,Session1,0130,8,1,1,0,0,0
M02,Session1,0135,7,4,4,0,0,0
M02,Session1,0152,8,0,0,0,0,0
M02,Session1,0168,14,1,1,0,0,0
M02,Session1,0172,5,0,0,0,0,0
M02,Session1,0197,6,0,0,0,0,0
M02,Session1,0226,5,5,5,0,0,2
F04,Session1,0063,12,0,0,0,0,0
F04,Session1,0067,13,0,0,0,0,0
F04,Session1,0091,12,2,2,0,0,0
F04,Session1,0092,12,0,0,0,0,0
F04,Session1,0100,14,0,0,0,0,0
F04,Session1,0120,8,0,0,0,0,0
F04,Session1,0159,14,0,0,0,0,0
F04,Session1,0184,7,0,0,0,0,0
F04,Session2,0143,8,0,0,0,0,0
M03,Session2,0029,12,0,0,0,0,0
M03,Session2,0096,13,0,0,0,0,0
M03,Session2,0101,14,1,1,0,0,0
M03,Session2,0244,14,1,1,0,0,0
M03,Session2,0245,14,0,0,0,0,0
M03,Session2,0275,6,0,0,0,0,0
M03,Session2,0344,13,0,0,0,0,0
M04,Session1,0040,8,4,4,0,2,1
M04,Session1,0047,8,7,7,0,0,0
M04,Session1,0076,10,8,8,0,0,2
M04,Session1,0094,14,13,13,0,2,1
M04,Session2,0029,14,11,11,0,3,2
M04,Session2,0077,8,3,3,0,1,1
M04,Session2,0083,9,8,8,0,0,1
M04,Session2,0093,6,2,2,0,1,1
M04,Session2,0098,8,4,4,0,0,0
M04,Session2,0147,7,4,4,0,1,1
M04,Session2,0155,6,3,3,0,0,0
M04,Session2,0157,6,3,3,0,1,1
M04,Session2,0185,1,1,1,0,0,0
M04,Session2,0246,6,5,5,0,0,0
M04,Session2,0255,7,5,5,0,1,1
M04,Session2,0283,7,4,4,0,3,0
M04,Session2,0295,6,1,1,0,0,0
M05,Session2,0002,7,0,0,0,0,0
M05,Session2,0008,7,2,2,0,2,2
M05,Session2,0027,6,1,1,0,0,0
M05,Session2,0055,7,6,6,0,0,0
M05,Session2,0076,6,0,0,0,0,0
M05,Session2,0082,6,6,6,0,1,1
M05,Session2,0087,8,7,7,0,0,0
M05,Session2,0088,5,2,2,0,0,0
M05,Session2,0102,7,1,1,0,0,0
M05,Session2,0155,6,2,2,0,1,1
M05,Session2,0170,7,0,0,0,0,0
M05,Session2,0197,6,2,2,0,0,0
M05,Session2,0207,5,2,2,0,0,0
M05,Session2,0213,6,1,1,0,0,0
M05,Session2,0236,7,0,0,0,0,0
M05,Session2,0260,8,0,0,0,0,0
M05,Session2,0276,5,2,2,0,0,0
M05,Session2,0282,4,2,2,0,1,1
M05,Session2,0291,10,5,5,0,0,0
M05,Session2,0305,11,3,3,0,0,0
M05,Session2,0320,5,2,2,0,0,0
M05,Session2,0365,9,0,0,0,0,0
M01,Session2_3,0056,8,3,4,-1,0,1
M01,Session2_3,0113,6,5,6,-1,1,2
M01,Session2_3,0127,7,1,2,-1,0,0
M01,Session2_3,0167,6,5,6,-1,0,0
F03,Session2,0063,8,1,2,-1,1,0
F03,Session2,0133,7,0,1,-1,0,1
M02,Session1,0062,14,5,6,-1,2,0
M02,Session1,0066,8,1,2,-1,0,0
M02,Session1,0121,8,3,4,-1,1,1
M02,Session1,0154,5,0,1,-1,0,0
M02,Session1,0183,6,3,4,-1,1,1
M04,Session1,0099,11,6,7,-1,0,0
M04,Session2,0158,7,5,6,-1,3,4
M04,Session2,0253,5,4,5,-1,0,0
M05,Session2,0056,7,2,3,-1,0,0
M05,Session2,0131,7,2,3,-1,0,1
M05,Session2,0145,11,4,5,-1,0,0
M01,Session2_3,0125,6,4,6,-2,0,1
M01,Session2_3,0165,13,6,8,-2,0,0
M01,Session2_3,0235,6,5,7,-2,2,3
M02,Session1,0034,12,6,8,-2,0,0
M02,Session1,0106,10,6,8,-2,1,3
M02,Session1,0118,6,4,6,-2,0,0
M02,Session1,0169,7,0,2,-2,0,1
M02,Session1,0222,6,6,8,-2,2,3
M02,Session1,0232,8,2,4,-2,0,0
M04,Session1,0064,12,5,7,-2,0,0
M04,Session1,0077,6,4,6,-2,0,0
M04,Session2,0187,7,7,9,-2,1,4
M02,Session1,0071,11,3,6,-3,0,0
M04,Session1,0012,13,10,13,-3,2,0
M05,Session2,0368,6,1,4,-3,0,0
M02,Session1,0137,7,0,4,-4,0,1
M04,Session1,0106,4,4,8,-4,0,4
M05,Session2,0138,8,3,7,-4,0,1
M05,Session2,0275,5,1,5,-4,0,1
